title,sku,DESCRIPTION,price_for_25,price_for_100,price_for_250,price_for_500,price_for_1000,net_price,net_price_bundle
"4 x 4 x 4"" Shipping Boxes",BS040404,Mugs • 32 ECT,0.24,0.24,0.24,0.24,0.24,$6.00 ,25/Bundle
"4 x 4 x 4"" White Boxes",BS040404W,Mugs • 32 ECT,0.35,0.35,0.35,0.35,0.35,$8.75 ,25/Bundle
"4 x 4 x 4"" Multi-Depth Boxes",BS040404MD,"Mug Box • Multi-Depth: 2"" • 32 ECT",0.31,0.31,0.31,0.31,0.31,$7.75 ,25/Bundle
"4 x 4 x 6"" Shipping Boxes",BS040406,32 ECT,0.42,0.37,0.36,0.35,0.35,$10.50 ,25/Bundle
"4 x 4 x 8"" Shipping Boxes",BS040408,32 ECT,0.48,0.45,0.43,0.43,0.42,$12.00 ,25/Bundle
"4 x 4 x 10"" Shipping Boxes",BS040410,32 ECT,0.54,0.51,0.51,0.49,0.48,$13.50 ,25/Bundle
"4 x 4 x 12"" Shipping Boxes",BS040412,32 ECT,0.62,0.59,0.57,0.54,0.51,$15.50 ,25/Bundle
"4 x 4 x 18"" Shipping Boxes",BS040418,32 ECT,0.84,0.8,0.76,0.73,0.7,$21.00 ,25/Bundle
"4 x 4 x 20"" Shipping Boxes",BS040420,32 ECT,0.92,0.86,0.84,0.8,0.76,$23.00 ,25/Bundle
"4 x 4 x 24"" Shipping Boxes",BS040424,32 ECT,1.06,1.02,0.95,0.92,0.9,$26.50 ,25/Bundle
"4 x 4 x 28"" Shipping Boxes",BS040428,32 ECT,1.19,1.12,1.09,1.06,1.02,$29.75 ,25/Bundle
"4 x 4 x 30"" Shipping Boxes",BS040430,32 ECT,1.26,1.21,1.18,1.1,1.08,$31.50 ,25/Bundle
"4 x 4 x 36"" Shipping Boxes",BS040436,Golf Clubs • 32 ECT,1.44,1.39,1.33,1.26,1.23,$36.00 ,25/Bundle
"4 x 4 x 40"" Shipping Boxes",BS040440,Golf Clubs • 32 ECT,1.59,1.5,1.45,1.4,1.35,$39.75 ,25/Bundle
"4 x 4 x 48"" Shipping Boxes",BS040448,Golf Clubs • 32 ECT,1.93,1.84,1.76,1.7,1.64,$48.25 ,25/Bundle
"4 x 4 x 60"" Shipping Boxes",BS040460,32 ECT,2.53,2.42,2.33,2.24,2.15,$63.25 ,25/Bundle
"4 x 4 x 72"" Shipping Boxes",BS040472,32 ECT,3.28,3.15,3,2.91,2.78,$65.60 ,20/Bundle
"5 x 4 x 4"" Shipping Boxes",BS050404,32 ECT,0.37,0.36,0.35,0.35,0.33,$9.25 ,25/Bundle
"5 x 5 x 3"" Shipping Boxes",BS050503,32 ECT,0.29,0.28,0.26,0.26,0.25,$7.25 ,25/Bundle
"5 x 5 x 4"" Shipping Boxes",BS050504,32 ECT,0.35,0.35,0.33,0.32,0.31,$8.75 ,25/Bundle
"5 x 5 x 5"" Shipping Boxes",BS050505,32 ECT,0.29,0.29,0.29,0.29,0.29,$7.25 ,25/Bundle
"5 x 5 x 8"" Shipping Boxes",BS050508,32 ECT,0.33,0.33,0.33,0.33,0.33,$8.25 ,25/Bundle
"5 x 5 x 10"" Shipping Boxes",BS050510,32 ECT,0.5,0.49,0.45,0.44,0.43,$12.50 ,25/Bundle
"5 x 5 x 36"" Shipping Boxes",BS050536,Golf Clubs • 32 ECT,1.44,1.37,1.32,1.26,1.21,$36.00 ,25/Bundle
"6 x 4 x 4"" Shipping Boxes",BS060404,32 ECT,0.32,0.31,0.29,0.28,0.26,$8.00 ,25/Bundle
"6 x 4 x 4"" Multi-Depth Boxes",BS060404MD,"Multi-Depth: 2"" • 32 ECT",0.32,0.31,0.29,0.28,0.26,$8.00 ,25/Bundle
"6 x 5 x 4"" Shipping Boxes",BS060504,32 ECT,0.35,0.33,0.32,0.31,0.29,$8.75 ,25/Bundle
"6 x 5 x 5"" Shipping Boxes",BS060505,32 ECT,0.33,0.32,0.31,0.29,0.28,$8.25 ,25/Bundle
"6 x 6 x 3"" Shipping Boxes",BS060603,32 ECT,0.36,0.35,0.35,0.33,0.32,$9.00 ,25/Bundle
"6 x 6 x 4"" Shipping Boxes",BS060604,32 ECT,0.35,0.35,0.33,0.32,0.31,$8.75 ,25/Bundle
"6 x 6 x 4"" Multi-Depth Boxes",BS060604MD,"Multi-Depth: 2"" • 32 ECT",0.35,0.35,0.33,0.32,0.31,$8.75 ,25/Bundle
"6 x 6 x 5"" Shipping Boxes",BS060605,32 ECT,0.4,0.36,0.35,0.35,0.33,$10.00 ,25/Bundle
"6 x 6 x 6"" Shipping Boxes",BS060606,32 ECT,0.4,0.4,0.4,0.4,0.4,$10.00 ,25/Bundle
"6 x 6 x 6"" White Boxes",BS060606W,32 ECT,0.4,0.4,0.4,0.4,0.4,$10.00 ,25/Bundle
"6 x 6 x 8"" Shipping Boxes",BS060608,32 ECT,0.49,0.48,0.44,0.43,0.43,$12.25 ,25/Bundle
"6 x 6 x 10"" Shipping Boxes",BS060610,32 ECT,0.54,0.51,0.51,0.49,0.48,$13.50 ,25/Bundle
"6 x 6 x 12"" Shipping Boxes",BS060612,32 ECT,0.6,0.59,0.56,0.54,0.51,$15.00 ,25/Bundle
"6 x 6 x 18"" Shipping Boxes",BS060618,32 ECT,0.8,0.76,0.73,0.7,0.68,$20.00 ,25/Bundle
"6 x 6 x 24"" Shipping Boxes",BS060624,32 ECT,1.04,1,0.95,0.92,0.87,$26.00 ,25/Bundle
"6 x 6 x 30"" Shipping Boxes",BS060630,32 ECT,1.24,1.19,1.12,1.09,1.06,$31.00 ,25/Bundle
"6 x 6 x 36"" Shipping Boxes",BS060636,Golf Clubs • 32 ECT,1.44,1.37,1.33,1.26,1.23,$36.00 ,25/Bundle
"6 x 6 x 38"" Shipping Boxes",BS060638,Golf Clubs • 32 ECT,1.5,1.44,1.39,1.33,1.26,$37.50 ,25/Bundle
"6 x 6 x 40"" Shipping Boxes",BS060640,Golf Clubs • 32 ECT,1.59,1.5,1.44,1.39,1.35,$39.75 ,25/Bundle
"6 x 6 x 48"" Shipping Boxes",BS060648,Golf Clubs • 32 ECT,1.94,1.85,1.77,1.71,1.64,$48.50 ,25/Bundle
"6 x 6 x 60"" Shipping Boxes",BS060660,32 ECT,2.74,2.6,2.52,2.41,2.33,$68.50 ,25/Bundle
"6 x 6 x 72"" Shipping Boxes",BS060672,32 ECT,3.51,3.35,3.22,3.09,2.98,$70.20 ,20/Bundle
"7 x 4 x 4"" Shipping Boxes",BS070404,32 ECT,0.31,0.29,0.28,0.28,0.26,$7.75 ,25/Bundle
"7 x 5 x 3"" Shipping Boxes",BS070503,32 ECT,0.31,0.29,0.28,0.26,0.26,$7.75 ,25/Bundle
"7 x 5 x 4"" Shipping Boxes",BS070504,32 ECT,0.36,0.35,0.35,0.33,0.32,$9.00 ,25/Bundle
"7 x 5 x 5"" Shipping Boxes",BS070505,32 ECT,0.35,0.35,0.33,0.32,0.31,$8.75 ,25/Bundle
"7 x 6 x 4"" Shipping Boxes",BS070604,32 ECT,0.35,0.33,0.32,0.31,0.29,$8.75 ,25/Bundle
"7 x 6 x 6"" Shipping Boxes",BS070606,32 ECT,0.45,0.43,0.43,0.42,0.37,$11.25 ,25/Bundle
"7 x 7 x 3"" Shipping Boxes",BS070703,32 ECT,0.36,0.35,0.35,0.33,0.32,$9.00 ,25/Bundle
"7 x 7 x 4"" Shipping Boxes",BS070704,32 ECT,0.44,0.43,0.42,0.4,0.37,$11.00 ,25/Bundle
7 x 7 x 4,BS070704R,32 ECT,0.48,0.44,0.43,0.42,0.4,$12.00 ,25/Bundle
"7 x 7 x 5"" Shipping Boxes",BS070705,32 ECT,0.51,0.49,0.48,0.44,0.43,$12.75 ,25/Bundle
"7 x 7 x 6"" Shipping Boxes",BS070706,32 ECT,0.51,0.5,0.49,0.45,0.44,$12.75 ,25/Bundle
"7 x 7 x 7"" Shipping Boxes",BS070707,32 ECT,0.5,0.5,0.5,0.5,0.5,$12.50 ,25/Bundle
"7 x 7 x 8"" Shipping Boxes",BS070708,32 ECT,0.59,0.57,0.54,0.51,0.51,$14.75 ,25/Bundle
"7 x 7 x 10"" Shipping Boxes",BS070710,32 ECT,0.68,0.63,0.6,0.59,0.57,$17.00 ,25/Bundle
"7 x 7 x 12"" Shipping Boxes",BS070712,32 ECT,0.76,0.75,0.7,0.68,0.67,$19.00 ,25/Bundle
"8 x 4 x 4"" Shipping Boxes",BS080404,32 ECT,0.33,0.32,0.31,0.29,0.28,$8.25 ,25/Bundle
8,BS080409,"Holds 4-Pack of 4x4x4"" Boxes • 32 ECT",0.53,0.51,0.5,0.49,0.45,$13.25 ,25/Bundle
"8 x 5 x 4"" Shipping Boxes",BS080504,32 ECT,0.4,0.37,0.36,0.35,0.35,$10.00 ,25/Bundle
"8 x 5 x 5"" Shipping Boxes",BS080505,32 ECT,0.37,0.36,0.35,0.35,0.33,$9.25 ,25/Bundle
"8 x 6 x 3"" Shipping Boxes",BS080603,32 ECT,0.33,0.32,0.31,0.29,0.29,$8.25 ,25/Bundle
"8 x 6 x 4"" Shipping Boxes",BS080604,32 ECT,0.42,0.4,0.37,0.36,0.35,$10.50 ,25/Bundle
"8 x 6 x 4"" Multi-Depth Boxes",BS080604MD,"Multi-Depth: 2"" • 32 ECT",0.42,0.4,0.37,0.36,0.35,$10.50 ,25/Bundle
"8 x 6 x 5"" Shipping Boxes",BS080605,32 ECT,0.44,0.43,0.42,0.4,0.37,$11.00 ,25/Bundle
"8 x 6 x 6"" Shipping Boxes",BS080606,32 ECT,0.49,0.48,0.44,0.43,0.42,$12.25 ,25/Bundle
"8 x 7 x 7"" Shipping Boxes",BS080707,32 ECT,0.62,0.59,0.57,0.54,0.53,$15.50 ,25/Bundle
"8 x 8 x 3"" Shipping Boxes",BS080803,32 ECT,0.45,0.44,0.43,0.42,0.4,$11.25 ,25/Bundle
"8 x 8 x 4"" Shipping Boxes",BS080804,32 ECT,0.54,0.51,0.51,0.49,0.48,$13.50 ,25/Bundle
"8 x 8 x 5"" Shipping Boxes",BS080805,32 ECT,0.59,0.56,0.54,0.51,0.5,$14.75 ,25/Bundle
"8 x 8 x 6"" Shipping Boxes",BS080806,32 ECT,0.54,0.51,0.5,0.49,0.45,$13.50 ,25/Bundle
"8 x 8 x 6"" White Boxes",BS080806W,32 ECT,0.69,0.68,0.65,0.62,0.59,$17.25 ,25/Bundle
"8 x 8 x 7"" Shipping Boxes",BS080807,32 ECT,0.57,0.54,0.53,0.51,0.5,$14.25 ,25/Bundle
"8 x 8 x 8"" Shipping Boxes",BS080808,32 ECT,0.51,0.51,0.51,0.51,0.51,$12.75 ,25/Bundle
"8 x 8 x 8"" White Boxes",BS080808W,32 ECT,0.68,0.68,0.68,0.68,0.68,$17.00 ,25/Bundle
"8 x 8 x 8"" Multi-Depth Boxes",BS080808MD,"Multi-Depth: 6, 4"" • 32 ECT",0.63,0.63,0.63,0.63,0.63,$15.75 ,25/Bundle
"8 x 8 x 9"" Shipping Boxes",BS080809,32 ECT,0.75,0.72,0.69,0.67,0.65,$18.75 ,25/Bundle
"8 x 8 x 10"" Shipping Boxes",BS080810,32 ECT,0.68,0.67,0.62,0.6,0.59,$17.00 ,25/Bundle
"8 x 8 x 12"" Shipping Boxes",BS080812,32 ECT,0.75,0.72,0.69,0.67,0.63,$18.75 ,25/Bundle
8,BS080812RMD,"Multi-Depth: 10, 8"" • 32 ECT",0.82,0.79,0.75,0.72,0.69,$20.50 ,25/Bundle
"8 x 8 x 14"" Shipping Boxes",BS080814,32 ECT,0.83,0.79,0.76,0.72,0.69,$20.75 ,25/Bundle
"8 x 8 x 16"" Shipping Boxes",BS080816,32 ECT,0.9,0.85,0.83,0.79,0.76,$22.50 ,25/Bundle
"8 x 8 x 17"" Shipping Boxes",BS080817,32 ECT,0.9,0.85,0.84,0.8,0.76,$22.50 ,25/Bundle
"8 x 8 x 18"" Shipping Boxes",BS080818,32 ECT,0.93,0.9,0.85,0.84,0.8,$23.25 ,25/Bundle
"8 x 8 x 20"" Shipping Boxes",BS080820,32 ECT,1.02,0.95,0.92,0.87,0.85,$25.50 ,25/Bundle
"8 x 8 x 24"" Shipping Boxes",BS080824,32 ECT,1.16,1.09,1.06,1.02,0.98,$29.00 ,25/Bundle
"8 x 8 x 30"" Shipping Boxes",BS080830,Golf Clubs • 32 ECT,1.35,1.29,1.24,1.19,1.16,$33.75 ,25/Bundle
"8 x 8 x 36"" Shipping Boxes",BS080836,Golf Clubs • 32 ECT,2.08,2,1.93,1.84,1.76,$52.00 ,25/Bundle
"8 x 8 x 40"" Shipping Boxes",BS080840,Golf Clubs • 32 ECT,2.26,2.17,2.08,2.01,1.93,$56.50 ,25/Bundle
"8 x 8 x 48"" Shipping Boxes",BS080848,Golf Clubs • 32 ECT,3.4,3.26,3.11,2.99,2.86,$68.00 ,20/Bundle
"8 x 8 x 60"" Shipping Boxes",BS080860,32 ECT,4.1,3.93,3.76,3.61,3.49,$82.00 ,20/Bundle
"9 x 4 x 4"" Shipping Boxes",BS090404,32 ECT,0.32,0.31,0.29,0.29,0.28,$8.00 ,25/Bundle
"9 x 5 x 4"" Shipping Boxes",BS090504,32 ECT,0.37,0.36,0.35,0.35,0.33,$9.25 ,25/Bundle
"9 x 5 x 5"" Shipping Boxes",BS090505,32 ECT,0.42,0.4,0.37,0.36,0.35,$10.50 ,25/Bundle
"9 x 5 x 5"" Multi-Depth Boxes",BS090505MD,"Multi-Depth: 3"" • 32 ECT",0.42,0.4,0.37,0.36,0.35,$10.50 ,25/Bundle
"9 x 6 x 4"" Shipping Boxes",BS090604,32 ECT,0.43,0.43,0.42,0.37,0.36,$10.75 ,25/Bundle
"9 x 6 x 5"" Shipping Boxes",BS090605,32 ECT,0.48,0.45,0.43,0.43,0.42,$12.00 ,25/Bundle
"9 x 6 x 6"" Shipping Boxes",BS090606,32 ECT,0.54,0.51,0.5,0.49,0.45,$13.50 ,25/Bundle
"9 x 7 x 4"" Shipping Boxes",BS090704,32 ECT,0.53,0.51,0.49,0.48,0.44,$13.25 ,25/Bundle
"9 x 7 x 5"" Shipping Boxes",BS090705,32 ECT,0.57,0.54,0.51,0.51,0.49,$14.25 ,25/Bundle
"9 x 7 x 6"" Shipping Boxes",BS090706,32 ECT,0.59,0.56,0.54,0.51,0.5,$14.75 ,25/Bundle
"9 x 7 x 7"" Shipping Boxes",BS090707,32 ECT,0.67,0.63,0.6,0.59,0.56,$16.75 ,25/Bundle
"9 x 8 x 4"" Shipping Boxes",BS090804,32 ECT,0.57,0.56,0.53,0.51,0.5,$14.25 ,25/Bundle
"9 x 8 x 6"" Shipping Boxes",BS090806,32 ECT,0.69,0.68,0.65,0.62,0.59,$17.25 ,25/Bundle
"9 x 8 x 8"" Shipping Boxes",BS090808,32 ECT,0.75,0.72,0.69,0.67,0.63,$18.75 ,25/Bundle
"9 x 9 x 4"" Shipping Boxes",BS090904,32 ECT,0.68,0.67,0.63,0.6,0.59,$17.00 ,25/Bundle
"9 x 9 x 5"" Shipping Boxes",BS090905,32 ECT,0.59,0.57,0.56,0.53,0.51,$14.75 ,25/Bundle
"9 x 9 x 6"" Shipping Boxes",BS090906,32 ECT,0.65,0.6,0.59,0.57,0.54,$16.25 ,25/Bundle
"9 x 9 x 7"" Shipping Boxes",BS090907,32 ECT,0.7,0.7,0.7,0.7,0.7,$17.50 ,25/Bundle
"9 x 9 x 8"" Shipping Boxes",BS090908,32 ECT,0.72,0.68,0.67,0.63,0.6,$18.00 ,25/Bundle
"9 x 9 x 9"" Shipping Boxes",BS090909,32 ECT,0.65,0.65,0.65,0.65,0.65,$16.25 ,25/Bundle
"9 x 9 x 9"" Multi-Depth Boxes",BS090909MD,"Multi-Depth: 7, 5"" • 32 ECT",0.65,0.65,0.65,0.65,0.65,$16.25 ,25/Bundle
"9 x 9 x 10"" Shipping Boxes",BS090910,32 ECT,0.8,0.76,0.73,0.7,0.68,$20.00 ,25/Bundle
"9 x 9 x 11"" Shipping Boxes",BS090911,32 ECT,0.84,0.8,0.76,0.73,0.7,$21.00 ,25/Bundle
"9 x 9 x 12"" Shipping Boxes",BS090912,32 ECT,0.86,0.84,0.82,0.76,0.75,$21.50 ,25/Bundle
"9 x 9 x 18"" Shipping Boxes",BS090918,32 ECT,1.09,1.04,1,0.95,0.92,$27.25 ,25/Bundle
"9 x 9 x 30"" Shipping Boxes",BS090930,32 ECT,1.5,1.45,1.39,1.35,1.29,$37.50 ,25/Bundle
"10 x 4 x 4"" Shipping Boxes",BS100404,32 ECT,0.37,0.36,0.35,0.35,0.33,$9.25 ,25/Bundle
"10 x 5 x 4"" Shipping Boxes",BS100504,32 ECT,0.42,0.4,0.36,0.35,0.35,$10.50 ,25/Bundle
"10 x 5 x 5"" Shipping Boxes",BS100505,32 ECT,0.43,0.43,0.42,0.37,0.36,$10.75 ,25/Bundle
"10 x 6 x 3"" Shipping Boxes",BS100603,32 ECT,0.37,0.36,0.35,0.33,0.33,$9.25 ,25/Bundle
"10 x 6 x 4"" Shipping Boxes",BS100604,32 ECT,0.45,0.44,0.43,0.42,0.4,$11.25 ,25/Bundle
"10 x 6 x 5"" Shipping Boxes",BS100605,32 ECT,0.51,0.49,0.48,0.44,0.43,$12.75 ,25/Bundle
"10 x 6 x 6"" Shipping Boxes",BS100606,32 ECT,0.54,0.51,0.51,0.49,0.48,$13.50 ,25/Bundle
"10 x 7 x 4"" Shipping Boxes",BS100704,32 ECT,0.53,0.51,0.5,0.48,0.45,$13.25 ,25/Bundle
"10 x 7 x 5"" Shipping Boxes",BS100705,32 ECT,0.6,0.59,0.56,0.53,0.51,$15.00 ,25/Bundle
"10 x 7 x 7"" Shipping Boxes",BS100707,32 ECT,0.57,0.54,0.51,0.51,0.49,$14.25 ,25/Bundle
"10 x 8 x 3"" Shipping Boxes",BS100803,32 ECT,0.56,0.53,0.51,0.5,0.49,$14.00 ,25/Bundle
"10 x 8 x 4"" Shipping Boxes",BS100804,32 ECT,0.53,0.53,0.53,0.53,0.53,$13.25 ,25/Bundle
"10 x 8 x 5"" Shipping Boxes",BS100805,32 ECT,0.68,0.67,0.63,0.6,0.59,$17.00 ,25/Bundle
"10 x 8 x 6"" Shipping Boxes",BS100806,32 ECT,0.59,0.57,0.56,0.53,0.51,$14.75 ,25/Bundle
"10 x 8 x 7"" Shipping Boxes",BS100807,32 ECT,0.75,0.7,0.68,0.67,0.63,$18.75 ,25/Bundle
"10 x 8 x 8"" Shipping Boxes",BS100808,32 ECT,0.68,0.65,0.62,0.59,0.59,$17.00 ,25/Bundle
"10 x 8 x 8"" Multi-Depth Boxes",BS100808MD,"Multi-Depth: 6"" • 32 ECT",0.84,0.8,0.76,0.73,0.7,$21.00 ,25/Bundle
"10 x 8 x 10"" Shipping Boxes",BS100810,32 ECT,0.76,0.72,0.69,0.68,0.65,$19.00 ,25/Bundle
"10 x 8 x 12"" Shipping Boxes",BS100812,32 ECT,0.76,0.75,0.7,0.68,0.67,$19.00 ,25/Bundle
"10 x 9 x 6"" Shipping Boxes",BS100906,32 ECT,0.83,0.79,0.76,0.72,0.69,$20.75 ,25/Bundle
"10 x 9 x 9"" Shipping Boxes",BS100909,32 ECT,0.8,0.76,0.73,0.7,0.68,$20.00 ,25/Bundle
"10 x 10 x 3"" Shipping Boxes",BS101003,32 ECT,0.72,0.68,0.67,0.63,0.6,$18.00 ,25/Bundle
"10 x 10 x 4"" Shipping Boxes",BS101004,32 ECT,0.67,0.63,0.6,0.59,0.56,$16.75 ,25/Bundle
"10 x 10 x 5"" Shipping Boxes",BS101005,32 ECT,0.7,0.68,0.65,0.62,0.59,$17.50 ,25/Bundle
"10 x 10 x 6"" Shipping Boxes",BS101006,32 ECT,0.75,0.72,0.68,0.67,0.63,$18.75 ,25/Bundle
"10 x 10 x 7"" Shipping Boxes",BS101007,32 ECT,0.8,0.76,0.73,0.69,0.68,$20.00 ,25/Bundle
"10 x 10 x 8"" Shipping Boxes",BS101008,32 ECT,0.84,0.8,0.76,0.73,0.7,$21.00 ,25/Bundle
"10 x 10 x 9"" Shipping Boxes",BS101009,32 ECT,0.87,0.84,0.82,0.76,0.75,$21.75 ,25/Bundle
"10 x 10 x 10"" Shipping Boxes",BS101010,32 ECT,0.6,0.6,0.6,0.6,0.6,$15.00 ,25/Bundle
"9 x 6 x 5"" Shipping Boxes",BS090605,32 ECT,0.48,0.45,0.43,0.43,0.42,$12.00 ,25/Bundle
"9 x 6 x 6"" Shipping Boxes",BS090606,32 ECT,0.54,0.51,0.5,0.49,0.45,$13.50 ,25/Bundle
"9 x 7 x 4"" Shipping Boxes",BS090704,32 ECT,0.53,0.51,0.49,0.48,0.44,$13.25 ,25/Bundle
"9 x 7 x 5"" Shipping Boxes",BS090705,32 ECT,0.57,0.54,0.51,0.51,0.49,$14.25 ,25/Bundle
"9 x 7 x 6"" Shipping Boxes",BS090706,32 ECT,0.59,0.56,0.54,0.51,0.5,$14.75 ,25/Bundle
"9 x 7 x 7"" Shipping Boxes",BS090707,32 ECT,0.67,0.63,0.6,0.59,0.56,$16.75 ,25/Bundle
"9 x 8 x 4"" Shipping Boxes",BS090804,32 ECT,0.57,0.56,0.53,0.51,0.5,$14.25 ,25/Bundle
"9 x 8 x 6"" Shipping Boxes",BS090806,32 ECT,0.69,0.68,0.65,0.62,0.59,$17.25 ,25/Bundle
"9 x 8 x 8"" Shipping Boxes",BS090808,32 ECT,0.75,0.72,0.69,0.67,0.63,$18.75 ,25/Bundle
"9 x 9 x 4"" Shipping Boxes",BS090904,32 ECT,0.68,0.67,0.63,0.6,0.59,$17.00 ,25/Bundle
"9 x 9 x 5"" Shipping Boxes",BS090905,32 ECT,0.59,0.57,0.56,0.53,0.51,$14.75 ,25/Bundle
"9 x 9 x 6"" Shipping Boxes",BS090906,32 ECT,0.65,0.6,0.59,0.57,0.54,$16.25 ,25/Bundle
"9 x 9 x 7"" Shipping Boxes",BS090907,32 ECT,0.7,0.7,0.7,0.7,0.7,$17.50 ,25/Bundle
"9 x 9 x 8"" Shipping Boxes",BS090908,32 ECT,0.72,0.68,0.67,0.63,0.6,$18.00 ,25/Bundle
"9 x 9 x 9"" Shipping Boxes",BS090909,32 ECT,0.65,0.65,0.65,0.65,0.65,$16.25 ,25/Bundle
"9 x 9 x 9"" Multi-Depth Boxes",BS090909MD,"Multi-Depth: 7, 5"" • 32 ECT",0.65,0.65,0.65,0.65,0.65,$16.25 ,25/Bundle
"9 x 9 x 10"" Shipping Boxes",BS090910,32 ECT,0.8,0.76,0.73,0.7,0.68,$20.00 ,25/Bundle
"9 x 9 x 11"" Shipping Boxes",BS090911,32 ECT,0.84,0.8,0.76,0.73,0.7,$21.00 ,25/Bundle
"9 x 9 x 12"" Shipping Boxes",BS090912,32 ECT,0.86,0.84,0.82,0.76,0.75,$21.50 ,25/Bundle
"9 x 9 x 18"" Shipping Boxes",BS090918,32 ECT,1.09,1.04,1,0.95,0.92,$27.25 ,25/Bundle
"9 x 9 x 30"" Shipping Boxes",BS090930,32 ECT,1.5,1.45,1.39,1.35,1.29,$37.50 ,25/Bundle
"10 x 4 x 4"" Shipping Boxes",BS100404,32 ECT,0.37,0.36,0.35,0.35,0.33,$9.25 ,25/Bundle
"10 x 5 x 4"" Shipping Boxes",BS100504,32 ECT,0.42,0.4,0.36,0.35,0.35,$10.50 ,25/Bundle
"10 x 5 x 5"" Shipping Boxes",BS100505,32 ECT,0.43,0.43,0.42,0.37,0.36,$10.75 ,25/Bundle
"10 x 6 x 3"" Shipping Boxes",BS100603,32 ECT,0.37,0.36,0.35,0.33,0.33,$9.25 ,25/Bundle
"10 x 6 x 4"" Shipping Boxes",BS100604,32 ECT,0.45,0.44,0.43,0.42,0.4,$11.25 ,25/Bundle
"10 x 6 x 5"" Shipping Boxes",BS100605,32 ECT,0.51,0.49,0.48,0.44,0.43,$12.75 ,25/Bundle
"10 x 6 x 6"" Shipping Boxes",BS100606,32 ECT,0.54,0.51,0.51,0.49,0.48,$13.50 ,25/Bundle
"10 x 7 x 4"" Shipping Boxes",BS100704,32 ECT,0.53,0.51,0.5,0.48,0.45,$13.25 ,25/Bundle
"10 x 7 x 5"" Shipping Boxes",BS100705,32 ECT,0.6,0.59,0.56,0.53,0.51,$15.00 ,25/Bundle
"10 x 7 x 7"" Shipping Boxes",BS100707,32 ECT,0.57,0.54,0.51,0.51,0.49,$14.25 ,25/Bundle
"10 x 8 x 3"" Shipping Boxes",BS100803,32 ECT,0.56,0.53,0.51,0.5,0.49,$14.00 ,25/Bundle
"10 x 8 x 4"" Shipping Boxes",BS100804,32 ECT,0.53,0.53,0.53,0.53,0.53,$13.25 ,25/Bundle
"10 x 8 x 5"" Shipping Boxes",BS100805,32 ECT,0.68,0.67,0.63,0.6,0.59,$17.00 ,25/Bundle
"10 x 8 x 6"" Shipping Boxes",BS100806,32 ECT,0.59,0.57,0.56,0.53,0.51,$14.75 ,25/Bundle
"10 x 8 x 7"" Shipping Boxes",BS100807,32 ECT,0.75,0.7,0.68,0.67,0.63,$18.75 ,25/Bundle
"10 x 8 x 8"" Shipping Boxes",BS100808,32 ECT,0.68,0.65,0.62,0.59,0.59,$17.00 ,25/Bundle
"10 x 8 x 8"" Multi-Depth Boxes",BS100808MD,"Multi-Depth: 6"" • 32 ECT",0.84,0.8,0.76,0.73,0.7,$21.00 ,25/Bundle
"10 x 8 x 10"" Shipping Boxes",BS100810,32 ECT,0.76,0.72,0.69,0.68,0.65,$19.00 ,25/Bundle
"10 x 8 x 12"" Shipping Boxes",BS100812,32 ECT,0.76,0.75,0.7,0.68,0.67,$19.00 ,25/Bundle
"10 x 9 x 6"" Shipping Boxes",BS100906,32 ECT,0.83,0.79,0.76,0.72,0.69,$20.75 ,25/Bundle
"10 x 9 x 9"" Shipping Boxes",BS100909,32 ECT,0.8,0.76,0.73,0.7,0.68,$20.00 ,25/Bundle
"10 x 10 x 3"" Shipping Boxes",BS101003,32 ECT,0.72,0.68,0.67,0.63,0.6,$18.00 ,25/Bundle
"10 x 10 x 4"" Shipping Boxes",BS101004,32 ECT,0.67,0.63,0.6,0.59,0.56,$16.75 ,25/Bundle
"10 x 10 x 5"" Shipping Boxes",BS101005,32 ECT,0.7,0.68,0.65,0.62,0.59,$17.50 ,25/Bundle
"10 x 10 x 6"" Shipping Boxes",BS101006,32 ECT,0.75,0.72,0.68,0.67,0.63,$18.75 ,25/Bundle
"10 x 10 x 7"" Shipping Boxes",BS101007,32 ECT,0.8,0.76,0.73,0.69,0.68,$20.00 ,25/Bundle
"10 x 10 x 8"" Shipping Boxes",BS101008,32 ECT,0.84,0.8,0.76,0.73,0.7,$21.00 ,25/Bundle
"10 x 10 x 9"" Shipping Boxes",BS101009,32 ECT,0.87,0.84,0.82,0.76,0.75,$21.75 ,25/Bundle
"10 x 10 x 10"" Shipping Boxes",BS101010,32 ECT,0.6,0.6,0.6,0.6,0.6,$15.00 ,25/Bundle
"10 x 10 x 10"" Multi-Depth Boxes",BS101010MD,"Multi-Depth: 8, 6"" • 32 ECT",0.76,0.76,0.76,0.76,0.76,$19.00 ,25/Bundle
"10 x 10 x 10"" White Boxes",BS101010W,32 ECT,0.84,0.84,0.84,0.84,0.84,$21.00 ,25/Bundle
"10 x 10 x 12"" Shipping Boxes",BS101012,32 ECT,0.99,0.94,0.9,0.86,0.84,$24.75 ,25/Bundle
"10 x 10 x 12"" Multi-Depth Boxes",BS101012MD,"Multi-Depth: 10, 8, 6"" • 32 ECT",0.99,0.94,0.9,0.86,0.84,$24.75 ,25/Bundle
"10 x 10 x 14"" Shipping Boxes",BS101014,32 ECT,1.08,1.02,0.99,0.94,0.92,$27.00 ,25/Bundle
"10 x 10 x 15"" Shipping Boxes",BS101015,32 ECT,1.1,1.07,1.02,0.99,0.94,$27.50 ,25/Bundle
"10 x 10 x 18"" Shipping Boxes",BS101018,32 ECT,1.24,1.19,1.12,1.09,1.06,$31.00 ,25/Bundle
"10 x 10 x 20"" Shipping Boxes",BS101020,32 ECT,1.33,1.26,1.21,1.18,1.11,$33.25 ,25/Bundle
"10 x 10 x 24"" Shipping Boxes",BS101024,32 ECT,1.49,1.43,1.37,1.32,1.26,$37.25 ,25/Bundle
"10 x 10 x 36"" Shipping Boxes",BS101036,Golf Clubs • 32 ECT,2.16,2.07,1.99,1.9,1.84,$54.00 ,25/Bundle
"10 x 10 x 38"" Shipping Boxes",BS101038,Golf Clubs • 32 ECT,2.26,2.16,2.07,1.99,1.9,$56.50 ,25/Bundle
"10 x 10 x 40"" Shipping Boxes",BS101040,Golf Clubs • 32 ECT,2.34,2.25,2.15,2.07,1.99,$58.50 ,25/Bundle
"10 x 10 x 48"" Shipping Boxes",BS101048,Golf Clubs • 32 ECT,2.71,2.59,2.49,2.38,2.31,$54.20 ,20/Bundle
"11 x 6 x 6"" Shipping Boxes",BS110606,32 ECT,0.57,0.56,0.53,0.51,0.5,$14.25 ,25/Bundle
"11 x 7 x 7"" Shipping Boxes",BS110707,32 ECT,0.73,0.69,0.68,0.65,0.62,$18.25 ,25/Bundle
11,BS110804,2 Paper Reams • 32 ECT,0.67,0.62,0.59,0.59,0.56,$16.75 ,25/Bundle
11,BS110804W,2 Paper Reams • 32 ECT,0.84,0.82,0.79,0.75,0.72,$21.00 ,25/Bundle
11,BS110804MD,"2 Paper Reams • Multi-Depth: 2 3/4"" • 32 ECT",0.76,0.73,0.69,0.68,0.65,$19.00 ,25/Bundle
11,BS110804R,2 Paper Reams • 32 ECT,0.75,0.7,0.68,0.67,0.63,$18.75 ,25/Bundle
"11 x 8 x 6"" Shipping Boxes",BS110806,32 ECT,0.63,0.6,0.59,0.56,0.53,$15.75 ,25/Bundle
11,BS110806MD,"3 Paper Reams • Multi-Depth: 4, 2"" • 32 ECT",0.82,0.76,0.75,0.7,0.68,$20.50 ,25/Bundle
11,BS110806RW,3 Paper Reams • 32 ECT,0.9,0.85,0.83,0.8,0.76,$22.50 ,25/Bundle
11,BS110806R,3 Ream Reams • 32 ECT,0.69,0.67,0.63,0.6,0.59,$17.25 ,25/Bundle
"11 x 8 x 8"" Shipping Boxes",BS110808,32 ECT,0.7,0.68,0.67,0.63,0.6,$17.50 ,25/Bundle
11,BS110808W,4 Paper Reams • 32 ECT,0.92,0.86,0.84,0.82,0.76,$23.00 ,25/Bundle
11,BS110808MD,"4 Paper Reams • Multi-Depth: 6 3/4"" • 32 ECT",0.84,0.8,0.76,0.73,0.7,$21.00 ,25/Bundle
11,BS110808R,4 Paper Reams • 32 ECT,0.84,0.8,0.76,0.73,0.7,$21.00 ,25/Bundle
11,BS110808SC,4 Paper Reams • 32 ECT,0.79,0.75,0.72,0.69,0.67,$19.75 ,25/Bundle
11,BS110809,5 Paper Reams • 32 ECT,0.84,0.82,0.76,0.75,0.72,$21.00 ,25/Bundle
11,BS110810,5 Paper Reams • 32 ECT,0.85,0.83,0.79,0.76,0.73,$21.25 ,25/Bundle
11,BS110810R,5 Paper Reams • 32 ECT,0.86,0.84,0.8,0.76,0.73,$21.50 ,25/Bundle
11,BS110811,5 Paper Reams • 32 ECT,0.92,0.86,0.84,0.82,0.76,$23.00 ,25/Bundle
11,BS110812,6 Paper Reams • 32 ECT,0.93,0.87,0.85,0.83,0.8,$23.25 ,25/Bundle
11,BS110812MD,"6 Paper Reams • Multi-Depth: 10, 8, 6"" • 32 ECT",0.93,0.87,0.85,0.83,0.8,$23.25 ,25/Bundle
"11 x 9 x 6"" Shipping Boxes",BS110906,32 ECT,0.7,0.68,0.65,0.62,0.59,$17.50 ,25/Bundle
"11 x 9 x 9"" Shipping Boxes",BS110909,32 ECT,0.84,0.8,0.76,0.73,0.7,$21.00 ,25/Bundle
"11 x 11 x 5"" Shipping Boxes",BS111105,32 ECT,0.83,0.79,0.75,0.72,0.69,$20.75 ,25/Bundle
"11 x 11 x 6"" Shipping Boxes",BS111106,32 ECT,0.85,0.84,0.8,0.76,0.73,$21.25 ,25/Bundle
"11 x 11 x 7"" Shipping Boxes",BS111107,32 ECT,0.92,0.86,0.84,0.82,0.76,$23.00 ,25/Bundle
"11 x 11 x 9"" Shipping Boxes",BS111109,32 ECT,0.99,0.93,0.9,0.86,0.84,$24.75 ,25/Bundle
"11 x 11 x 11"" Shipping Boxes",BS111111,32 ECT,0.92,0.92,0.92,0.92,0.92,$23.00 ,25/Bundle
"12 x 4 x 4"" Shipping Boxes",BS120404,32 ECT,0.43,0.43,0.4,0.37,0.36,$10.75 ,25/Bundle
"12 x 5 x 4"" Shipping Boxes",BS120504,32 ECT,0.4,0.37,0.36,0.35,0.35,$10.00 ,25/Bundle
"12 x 5 x 5"" Shipping Boxes",BS120505,32 ECT,0.44,0.43,0.42,0.4,0.37,$11.00 ,25/Bundle
"12 x 6 x 3"" Shipping Boxes",BS120603,32 ECT,0.43,0.42,0.37,0.36,0.35,$10.75 ,25/Bundle
"12 x 6 x 4"" Shipping Boxes",BS120604,32 ECT,0.51,0.5,0.48,0.45,0.44,$12.75 ,25/Bundle
"12 x 6 x 5"" Shipping Boxes",BS120605,32 ECT,0.51,0.49,0.48,0.45,0.43,$12.75 ,25/Bundle
"12 x 6 x 6"" Shipping Boxes",BS120606,32 ECT,0.51,0.51,0.51,0.51,0.51,$12.75 ,25/Bundle
"12 x 6 x 6"" Multi-Depth Boxes",BS120606MD,"Multi-Depth: 4, 2"" • 32 ECT",0.6,0.59,0.56,0.53,0.51,$15.00 ,25/Bundle
"12 x 6 x 8"" Shipping Boxes",BS120608,32 ECT,0.73,0.69,0.68,0.65,0.62,$18.25 ,25/Bundle
"12 x 6 x 12"" Shipping Boxes",BS120612,32 ECT,0.76,0.72,0.69,0.68,0.65,$19.00 ,25/Bundle
12,BS120613,"Holds 4-Pack of 6x6x6"" Boxes • 32 ECT",0.87,0.84,0.82,0.76,0.75,$21.75 ,25/Bundle
"12 x 8 x 4"" Shipping Boxes",BS120804,32 ECT,0.69,0.68,0.65,0.62,0.59,$17.25 ,25/Bundle
"12 x 8 x 5"" Shipping Boxes",BS120805,32 ECT,0.72,0.68,0.67,0.63,0.6,$18.00 ,25/Bundle
"12 x 8 x 6"" Shipping Boxes",BS120806,32 ECT,0.67,0.63,0.6,0.59,0.56,$16.75 ,25/Bundle
"12 x 8 x 7"" Shipping Boxes",BS120807,32 ECT,0.7,0.68,0.65,0.62,0.59,$17.50 ,25/Bundle
"12 x 8 x 8"" Shipping Boxes",BS120808,32 ECT,0.75,0.72,0.68,0.67,0.63,$18.75 ,25/Bundle
"12 x 9 x 3"" Shipping Boxes",BS120903,32 ECT,0.69,0.68,0.65,0.62,0.59,$17.25 ,25/Bundle
"12 x 9 x 4"" Shipping Boxes",BS120904,32 ECT,0.79,0.76,0.72,0.69,0.68,$19.75 ,25/Bundle
"12 x 9 x 4"" White Boxes",BS120904W,Book Box • 32 ECT,0.75,0.7,0.68,0.67,0.63,$18.75 ,25/Bundle
"12 x 9 x 5"" Shipping Boxes",BS120905,32 ECT,0.69,0.67,0.63,0.6,0.59,$17.25 ,25/Bundle
"12 x 9 x 6"" Shipping Boxes",BS120906,32 ECT,0.73,0.7,0.68,0.65,0.63,$18.25 ,25/Bundle
"12 x 9 x 6"" Multi-Depth Boxes",BS120906MD,"Multi-Depth: 4, 2"" • 32 ECT",0.73,0.7,0.68,0.65,0.63,$18.25 ,25/Bundle
"12 x 9 x 7"" Shipping Boxes",BS120907,32 ECT,0.79,0.75,0.72,0.69,0.68,$19.75 ,25/Bundle
"12 x 9 x 8"" Shipping Boxes",BS120908,32 ECT,0.84,0.8,0.76,0.73,0.7,$21.00 ,25/Bundle
"12 x 9 x 9"" Shipping Boxes",BS120909,32 ECT,0.86,0.84,0.82,0.76,0.75,$21.50 ,25/Bundle
12,BS120909R,32 ECT,0.92,0.86,0.84,0.8,0.76,$23.00 ,25/Bundle
"12 x 9 x 10"" Shipping Boxes",BS120910,32 ECT,0.92,0.87,0.84,0.82,0.79,$23.00 ,25/Bundle
"12 x 9 x 12"" Shipping Boxes",BS120912,32 ECT,0.99,0.94,0.92,0.86,0.84,$24.75 ,25/Bundle
12,BS120912MD,"6 Paper Reams • Multi-Depth: 10, 8, 6"" • 32 ECT",1.02,0.98,0.93,0.9,0.85,$25.50 ,25/Bundle
12,BS120912R,32 ECT,1.02,0.98,0.93,0.9,0.85,$25.50 ,25/Bundle
"12 x 10 x 3"" Shipping Boxes",BS121003,32 ECT,0.79,0.75,0.72,0.69,0.68,$19.75 ,25/Bundle
"12 x 10 x 4"" Shipping Boxes",BS121004,32 ECT,0.72,0.69,0.67,0.63,0.62,$18.00 ,25/Bundle
"12 x 10 x 4"" Multi-Depth Boxes",BS121004MD,"Multi-Depth: 2"" • 32 ECT",0.72,0.69,0.67,0.63,0.62,$18.00 ,25/Bundle
"12 x 10 x 5"" Shipping Boxes",BS121005,32 ECT,0.76,0.73,0.7,0.68,0.67,$19.00 ,25/Bundle
"12 x 10 x 6"" Shipping Boxes",BS121006,32 ECT,0.69,0.69,0.69,0.69,0.69,$17.25 ,25/Bundle
"12 x 10 x 6"" White Boxes",BS121006W,32 ECT,0.9,0.85,0.83,0.79,0.76,$22.50 ,25/Bundle
"12 x 10 x 7"" Shipping Boxes",BS121007,32 ECT,0.73,0.73,0.73,0.73,0.73,$18.25 ,25/Bundle
"12 x 10 x 8"" Shipping Boxes",BS121008,32 ECT,0.92,0.86,0.84,0.82,0.76,$23.00 ,25/Bundle
"12 x 10 x 8"" White Boxes",BS121008W,32 ECT,1,0.95,0.92,0.87,0.84,$25.00 ,25/Bundle
"12 x 10 x 8"" Multi-Depth Boxes",BS121008MD,"Multi-Depth: 6, 4"" • 32 ECT",0.92,0.86,0.84,0.82,0.76,$23.00 ,25/Bundle
"12 x 10 x 9"" Shipping Boxes",BS121009,32 ECT,0.93,0.9,0.85,0.83,0.8,$23.25 ,25/Bundle
"12 x 10 x 10"" Shipping Boxes",BS121010,32 ECT,0.99,0.93,0.9,0.86,0.84,$24.75 ,25/Bundle
"12 x 10 x 10"" White Boxes",BS121010W,32 ECT,1.08,1.04,0.99,0.94,0.92,$27.00 ,25/Bundle
"12 x 10 x 12"" Shipping Boxes",BS121012,32 ECT,1.08,1.02,0.99,0.94,0.92,$27.00 ,25/Bundle
"12 x 11 x 6"" Shipping Boxes",BS121106,32 ECT,0.9,0.85,0.84,0.8,0.76,$22.50 ,25/Bundle
"12 x 12 x 3"" Shipping Boxes",BS121203,32 ECT,1.02,0.99,0.93,0.9,0.86,$25.50 ,25/Bundle
"12 x 12 x 4"" Shipping Boxes",BS121204,32 ECT,0.73,0.73,0.73,0.73,0.73,$18.25 ,25/Bundle
"12 x 12 x 5"" Shipping Boxes",BS121205,32 ECT,0.92,0.86,0.84,0.82,0.76,$23.00 ,25/Bundle
"12 x 12 x 6"" Shipping Boxes",BS121206,32 ECT,0.95,0.92,0.87,0.84,0.83,$23.75 ,25/Bundle
"12 x 12 x 6"" White Boxes",BS121206W,32 ECT,1.07,1.02,0.98,0.93,0.9,$26.75 ,25/Bundle
"12 x 12 x 6"" Multi-Depth Boxes",BS121206MD,"Multi-Depth: 4"" • 32 ECT",0.95,0.92,0.87,0.84,0.83,$23.75 ,25/Bundle
12,BS121206R,32 ECT,1.02,0.99,0.94,0.92,0.86,$25.50 ,25/Bundle
12,BS121206RMD,"Multi-Depth: 4, 2"" • 32 ECT",1.02,0.99,0.94,0.92,0.86,$25.50 ,25/Bundle
"12 x 12 x 7"" Shipping Boxes",BS121207,32 ECT,1.02,0.98,0.93,0.9,0.85,$25.50 ,25/Bundle
"12 x 12 x 8"" Shipping Boxes",BS121208,32 ECT,1.07,1.02,0.98,0.93,0.92,$26.75 ,25/Bundle
"12 x 12 x 8"" White Boxes",BS121208W,32 ECT,1.5,1.43,1.37,1.33,1.26,$37.50 ,25/Bundle
"12 x 12 x 9"" Shipping Boxes",BS121209,32 ECT,1.1,1.08,1.02,0.99,0.94,$27.50 ,25/Bundle
"12 x 12 x 10"" Shipping Boxes",BS121210,32 ECT,1.18,1.1,1.08,1.02,0.99,$29.50 ,25/Bundle
"12 x 12 x 10"" White Boxes",BS121210W,32 ECT,1.64,1.58,1.5,1.44,1.39,$41.00 ,25/Bundle
"12 x 12 x 11"" Shipping Boxes",BS121211,32 ECT,1.21,1.18,1.11,1.08,1.04,$30.25 ,25/Bundle
"12 x 12 x 12"" Shipping Boxes",BS121212,32 ECT,0.84,0.84,0.84,0.84,0.84,$21.00 ,25/Bundle
"12 x 12 x 12"" White Boxes",BS121212W,32 ECT,1.18,1.18,1.18,1.18,1.18,$29.50 ,25/Bundle
"12 x 12 x 12"" Multi-Depth Boxes",BS121212MD,"Multi-Depth: 10, 8"" • 32 ECT",1.08,1.08,1.08,1.08,1.08,$27.00 ,25/Bundle
12,BS121212R,32 ECT,1.35,1.29,1.24,1.19,1.12,$33.75 ,25/Bundle
12,BS121212RMD,"Multi-Depth: 10, 8, 6"" • 32 ECT",1.35,1.29,1.24,1.19,1.12,$33.75 ,25/Bundle
12,BS121213,"Holds 8-Pack of 6x6x6"" boxes • 32 ECT",1.46,1.4,1.35,1.29,1.24,$36.50 ,25/Bundle
"12 x 12 x 14"" Shipping Boxes",BS121214,32 ECT,1.36,1.32,1.26,1.21,1.18,$34.00 ,25/Bundle
"12 x 12 x 15"" Shipping Boxes",BS121215,32 ECT,1.43,1.36,1.31,1.25,1.2,$35.75 ,25/Bundle
"12 x 12 x 16"" Shipping Boxes",BS121216,32 ECT,1.46,1.4,1.35,1.31,1.25,$36.50 ,25/Bundle
"12 x 12 x 18"" Shipping Boxes",BS121218,32 ECT,1.59,1.5,1.44,1.39,1.35,$39.75 ,25/Bundle
"12 x 12 x 18"" Multi-Depth Boxes",BS121218MD,"Multi-Depth: 16, 14, 12, 10"" • 32 ECT",1.59,1.5,1.44,1.39,1.35,$39.75 ,25/Bundle
"12 x 12 x 20"" Shipping Boxes",BS121220,32 ECT,1.67,1.6,1.54,1.48,1.43,$41.75 ,25/Bundle
"12 x 12 x 24"" Shipping Boxes",BS121224,32 ECT,1.87,1.79,1.71,1.65,1.6,$46.75 ,25/Bundle
"12 x 12 x 30"" Shipping Boxes",BS121230,32 ECT,2.13,2.04,1.95,1.87,1.81,$53.25 ,25/Bundle
"12 x 12 x 36"" Shipping Boxes",BS121236,Golf Clubs • 32 ECT,2.73,2.6,2.51,2.4,2.32,$54.60 ,20/Bundle
"12 x 12 x 40"" Shipping Boxes",BS121240,Golf Clubs • 32 ECT,2.89,2.76,2.65,2.56,2.44,$57.80 ,20/Bundle
"12 x 12 x 48"" Shipping Boxes",BS121248,Golf Clubs • 32 ECT,5.34,5.1,4.89,4.7,4.51,$80.10 ,15/Bundle
"12 x 12 x 60"" Shipping Boxes",BS121260,32 ECT,6.39,6.1,5.85,5.62,5.41,$63.90 ,10/Bundle
"12 x 12 x 72"" Shipping Boxes",BS121272,32 ECT,7.43,7.12,6.84,6.56,6.3,$74.30 ,10/Bundle
"13 x 7 x 7"" Shipping Boxes",BS130707,32 ECT,0.82,0.76,0.75,0.7,0.68,$20.50 ,25/Bundle
"13 x 8 x 8"" Shipping Boxes",BS130808,32 ECT,0.79,0.75,0.72,0.69,0.68,$19.75 ,25/Bundle
"13 x 9 x 6"" Shipping Boxes",BS130906,32 ECT,0.76,0.73,0.7,0.68,0.67,$19.00 ,25/Bundle
"13 x 9 x 7"" Shipping Boxes",BS130907,32 ECT,0.83,0.79,0.75,0.72,0.69,$20.75 ,25/Bundle
"13 x 9 x 9"" Shipping Boxes",BS130909,32 ECT,0.92,0.86,0.84,0.82,0.76,$23.00 ,25/Bundle
"13 x 9 x 11"" Shipping Boxes",BS130911,32 ECT,0.99,0.93,0.9,0.86,0.84,$24.75 ,25/Bundle
"13 x 10 x 4"" Shipping Boxes",BS131004,32 ECT,0.75,0.72,0.69,0.67,0.65,$18.75 ,25/Bundle
"13 x 10 x 5"" Shipping Boxes",BS131005,32 ECT,0.8,0.76,0.73,0.7,0.68,$20.00 ,25/Bundle
"13 x 10 x 6"" Shipping Boxes",BS131006,32 ECT,0.84,0.83,0.79,0.75,0.72,$21.00 ,25/Bundle
"13 x 10 x 7"" Shipping Boxes",BS131007,32 ECT,0.9,0.85,0.84,0.8,0.76,$22.50 ,25/Bundle
"13 x 10 x 8"" Shipping Boxes",BS131008,32 ECT,0.92,0.87,0.84,0.83,0.79,$23.00 ,25/Bundle
13,BS131009,32 ECT,1.04,0.99,0.94,0.92,0.86,$26.00 ,25/Bundle
"13 x 10 x 9"" Shipping Boxes",BS131009R,32 ECT,0.98,0.93,0.9,0.85,0.84,$24.50 ,25/Bundle
13,BS131009SC,32 ECT,1.02,0.95,0.92,0.87,0.85,$25.50 ,25/Bundle
"13 x 10 x 10"" Shipping Boxes",BS131010,32 ECT,1.02,0.99,0.93,0.92,0.86,$25.50 ,25/Bundle
13,BS131012MD,"Multi-Depth: 10, 8, 6"" • 32 ECT",1.18,1.1,1.07,1.02,0.99,$29.50 ,25/Bundle
"13 x 11 x 5"" Shipping Boxes",BS131105,32 ECT,0.87,0.84,0.82,0.79,0.76,$21.75 ,25/Bundle
"13 x 11 x 6"" Shipping Boxes",BS131106,32 ECT,0.92,0.86,0.84,0.82,0.76,$23.00 ,25/Bundle
"13 x 11 x 7"" Shipping Boxes",BS131107,32 ECT,0.95,0.92,0.87,0.84,0.83,$23.75 ,25/Bundle
"13 x 11 x 8"" Shipping Boxes",BS131108,32 ECT,1.02,0.98,0.93,0.9,0.85,$25.50 ,25/Bundle
"13 x 11 x 9"" Shipping Boxes",BS131109,32 ECT,1.07,1.02,0.98,0.93,0.92,$26.75 ,25/Bundle
"13 x 11 x 11"" Shipping Boxes",BS131111,32 ECT,1.18,1.1,1.08,1.02,0.99,$29.50 ,25/Bundle
"13 x 13 x 4"" Shipping Boxes",BS131304,32 ECT,0.99,0.94,0.92,0.86,0.84,$24.75 ,25/Bundle
"13 x 13 x 5"" Shipping Boxes",BS131305,32 ECT,1.04,1,0.95,0.92,0.87,$26.00 ,25/Bundle
"13 x 13 x 6"" Shipping Boxes",BS131306,32 ECT,1.09,1.06,1.02,0.95,0.93,$27.25 ,25/Bundle
"13 x 13 x 7"" Shipping Boxes",BS131307,32 ECT,1.16,1.09,1.07,1.02,0.98,$29.00 ,25/Bundle
13,BS131307R,32 ECT,1.25,1.2,1.16,1.09,1.07,$31.25 ,25/Bundle
"13 x 13 x 8"" Shipping Boxes",BS131308,32 ECT,1.2,1.16,1.1,1.07,1.02,$30.00 ,25/Bundle
"13 x 13 x 9"" Shipping Boxes",BS131309,32 ECT,1.26,1.2,1.16,1.1,1.08,$31.50 ,25/Bundle
"13 x 13 x 10"" Shipping Boxes",BS131310,32 ECT,1.32,1.26,1.2,1.18,1.1,$33.00 ,25/Bundle
"13 x 13 x 13"" Shipping Boxes",BS131313,3¹/₂ Gallon • 32 ECT,1.25,1.25,1.25,1.25,1.25,$31.25 ,25/Bundle
"13 x 13 x 13"" Multi-Depth Boxes",BS131313MD,"3 1/2 Gallon • Multi-Depth: 11, 9, 7"" • 32 ECT",1.25,1.25,1.25,1.25,1.25,$31.25 ,25/Bundle
"13 x 13 x 15"" Shipping Boxes",BS131315,32 ECT,1.6,1.5,1.45,1.4,1.35,$40.00 ,25/Bundle
"14 x 4 x 4"" Shipping Boxes",BS140404,32 ECT,0.49,0.45,0.44,0.43,0.42,$12.25 ,25/Bundle
"14 x 6 x 4"" Shipping Boxes",BS140604,32 ECT,0.59,0.57,0.54,0.51,0.51,$14.75 ,25/Bundle
"14 x 6 x 6"" Shipping Boxes",BS140606,32 ECT,0.69,0.68,0.65,0.62,0.59,$17.25 ,25/Bundle
"14 x 7 x 7"" Shipping Boxes",BS140707,32 ECT,0.84,0.82,0.76,0.75,0.72,$21.00 ,25/Bundle
"14 x 8 x 6"" Shipping Boxes",BS140806,32 ECT,0.72,0.69,0.67,0.63,0.62,$18.00 ,25/Bundle
"14 x 8 x 6"" Multi-Depth Boxes",BS140806MD,"Multi-Depth: 4, 2"" • 32 ECT",0.72,0.69,0.67,0.63,0.62,$18.00 ,25/Bundle
14,BS140806R,3 Paper Reams (Legal Size) • 32 ECT,0.8,0.76,0.73,0.7,0.68,$20.00 ,25/Bundle
14,BS140806RMD,"3 Paper Reams (Legal Size) • Multi-Depth: 4, 2"" • 32 ECT",0.8,0.76,0.73,0.7,0.68,$20.00 ,25/Bundle
"14 x 8 x 8"" Shipping Boxes",BS140808,32 ECT,0.83,0.79,0.75,0.72,0.69,$20.75 ,25/Bundle
14,BS140812,6 Paper Reams (Legal Size) • 32 ECT,1.08,1.02,0.99,0.94,0.92,$27.00 ,25/Bundle
14,BS140812MD,"6 Paper Reams (Legal Size) • Multi-Depth: 10, 8, 6"" • 32 ECT",1.08,1.02,0.99,0.94,0.92,$27.00 ,25/Bundle
"14 x 9 x 6"" Shipping Boxes",BS140906,32 ECT,0.8,0.76,0.73,0.7,0.68,$20.00 ,25/Bundle
"14 x 9 x 8"" Shipping Boxes",BS140908,32 ECT,0.9,0.85,0.84,0.8,0.76,$22.50 ,25/Bundle
"14 x 9 x 9"" Shipping Boxes",BS140909,32 ECT,0.92,0.87,0.84,0.83,0.79,$23.00 ,25/Bundle
"14 x 10 x 4"" Shipping Boxes",BS141004,32 ECT,0.79,0.75,0.72,0.69,0.68,$19.75 ,25/Bundle
"14 x 10 x 5"" Shipping Boxes",BS141005,32 ECT,0.84,0.8,0.76,0.73,0.7,$21.00 ,25/Bundle
"14 x 10 x 6"" Shipping Boxes",BS141006,32 ECT,0.75,0.75,0.75,0.75,0.75,$18.75 ,25/Bundle
"14 x 10 x 7"" Shipping Boxes",BS141007,32 ECT,0.92,0.86,0.84,0.82,0.76,$23.00 ,25/Bundle
"14 x 10 x 8"" Shipping Boxes",BS141008,32 ECT,0.95,0.92,0.87,0.84,0.83,$23.75 ,25/Bundle
"14 x 10 x 9"" Shipping Boxes",BS141009,32 ECT,1.02,0.98,0.93,0.9,0.85,$25.50 ,25/Bundle
"14 x 10 x 10"" Shipping Boxes",BS141010,32 ECT,1.07,1.02,0.98,0.93,0.92,$26.75 ,25/Bundle
"14 x 10 x 10"" Multi-Depth Boxes",BS141010MD,"Multi-Depth: 8, 6, 4"" • 32 ECT",1.07,1.02,0.98,0.93,0.92,$26.75 ,25/Bundle
"14 x 10 x 12"" Shipping Boxes",BS141012,32 ECT,1.18,1.1,1.08,1.02,0.99,$29.50 ,25/Bundle
"14 x 11 x 3"" Shipping Boxes",BS141103,32 ECT,0.82,0.79,0.75,0.72,0.69,$20.50 ,25/Bundle
14 x 11 x 4,BS141104,32 ECT,0.9,0.85,0.83,0.79,0.76,$22.50 ,25/Bundle
"14 x 11 x 6"" Shipping Boxes",BS141106,32 ECT,0.94,0.92,0.86,0.84,0.82,$23.50 ,25/Bundle
"14 x 11 x 8"" Shipping Boxes",BS141108,32 ECT,1.06,1.02,0.98,0.93,0.9,$26.50 ,25/Bundle
"14 x 11 x 11"" Shipping Boxes",BS141111,32 ECT,1.21,1.18,1.1,1.08,1.02,$30.25 ,25/Bundle
14,BS141203,32 ECT,0.95,0.92,0.87,0.84,0.83,$23.75 ,25/Bundle
"14 x 12 x 4"" Shipping Boxes",BS141204,32 ECT,0.93,0.87,0.85,0.83,0.8,$23.25 ,25/Bundle
"14 x 12 x 6"" Shipping Boxes",BS141206,32 ECT,1.04,1,0.95,0.92,0.87,$26.00 ,25/Bundle
"14 x 12 x 6"" Multi-Depth Boxes",BS141206MD,"Multi-Depth: 4, 2"" • 32 ECT",1.04,1,0.95,0.92,0.87,$26.00 ,25/Bundle
"14 x 12 x 8"" Shipping Boxes",BS141208,32 ECT,1.16,1.09,1.07,1.02,0.98,$29.00 ,25/Bundle
"14 x 12 x 10"" Shipping Boxes",BS141210,32 ECT,1.26,1.2,1.16,1.1,1.08,$31.50 ,25/Bundle
"14 x 12 x 12"" Shipping Boxes",BS141212,32 ECT,1.18,1.18,1.18,1.18,1.18,$29.50 ,25/Bundle
"14 x 12 x 12"" Multi-Depth Boxes",BS141212MD,"Multi-Depth: 10, 8, 6"" • 32 ECT",1.36,1.32,1.25,1.21,1.18,$34.00 ,25/Bundle
"14 x 14 x 4"" Shipping Boxes",BS141404,32 ECT,1.1,1.08,1.02,0.99,0.94,$27.50 ,25/Bundle
"14 x 14 x 5"" Shipping Boxes",BS141405,32 ECT,1.18,1.11,1.08,1.04,1,$29.50 ,25/Bundle
"14 x 14 x 6"" Shipping Boxes",BS141406,32 ECT,1.24,1.18,1.12,1.09,1.06,$31.00 ,25/Bundle
"14 x 14 x 6"" Multi-Depth Boxes",BS141406MD,"Multi-Depth: 4, 2"" • 32 ECT",1.24,1.18,1.12,1.09,1.06,$31.00 ,25/Bundle
"14 x 14 x 7"" Shipping Boxes",BS141407,32 ECT,1.29,1.24,1.19,1.12,1.09,$32.25 ,25/Bundle
"14 x 14 x 8"" Shipping Boxes",BS141408,32 ECT,1.35,1.29,1.24,1.19,1.16,$33.75 ,25/Bundle
"14 x 14 x 9"" Shipping Boxes",BS141409,32 ECT,1.43,1.35,1.29,1.24,1.2,$35.75 ,25/Bundle
"14 x 14 x 10"" Shipping Boxes",BS141410,32 ECT,1.46,1.4,1.35,1.29,1.25,$36.50 ,25/Bundle
"14 x 14 x 12"" Shipping Boxes",BS141412,32 ECT,1.35,1.35,1.35,1.35,1.35,$33.75 ,25/Bundle
"14 x 14 x 14"" Shipping Boxes",BS141414,32 ECT,1.44,1.44,1.44,1.44,1.44,$36.00 ,25/Bundle
"14 x 14 x 14"" White Boxes",BS141414W,32 ECT,1.6,1.6,1.6,1.6,1.6,$40.00 ,25/Bundle
"14 x 14 x 14"" Multi-Depth Boxes",BS141414MD,"Multi-Depth: 12, 10, 8"" • 32 ECT",1.44,1.44,1.44,1.44,1.44,$36.00 ,25/Bundle
"14 x 14 x 16"" Shipping Boxes",BS141416,32 ECT,1.83,1.75,1.67,1.6,1.54,$45.75 ,25/Bundle
"14 x 14 x 18"" Shipping Boxes",BS141418,32 ECT,1.94,1.85,1.77,1.7,1.64,$48.50 ,25/Bundle
"14 x 14 x 19"" Shipping Boxes",BS141419,32 ECT,1.95,1.86,1.79,1.71,1.65,$39.00 ,20/Bundle
"14 x 14 x 20"" Shipping Boxes",BS141420,32 ECT,2.06,1.98,1.87,1.81,1.75,$41.20 ,20/Bundle
"14 x 14 x 24"" Shipping Boxes",BS141424,32 ECT,2.25,2.15,2.06,1.99,1.9,$45.00 ,20/Bundle
"14 x 14 x 36"" Shipping Boxes",BS141436,32 ECT,3.23,3.09,2.96,2.84,2.74,$64.60 ,20/Bundle
"15 x 8 x 8"" Shipping Boxes",BS150808,32 ECT,0.84,0.83,0.79,0.75,0.72,$21.00 ,25/Bundle
"15 x 9 x 8"" Shipping Boxes",BS150908,32 ECT,0.92,0.86,0.84,0.82,0.76,$23.00 ,25/Bundle
"15 x 10 x 4"" Shipping Boxes",BS151004,32 ECT,0.82,0.79,0.75,0.72,0.69,$20.50 ,25/Bundle
"15 x 10 x 5"" Shipping Boxes",BS151005,32 ECT,0.86,0.84,0.8,0.76,0.73,$21.50 ,25/Bundle
"15 x 10 x 6"" Shipping Boxes",BS151006,32 ECT,0.9,0.85,0.83,0.8,0.76,$22.50 ,25/Bundle
"15 x 10 x 8"" Shipping Boxes",BS151008,32 ECT,1,0.95,0.92,0.87,0.84,$25.00 ,25/Bundle
"15 x 10 x 10"" Shipping Boxes",BS151010,32 ECT,1.1,1.07,1.02,0.98,0.93,$27.50 ,25/Bundle
"15 x 10 x 12"" Shipping Boxes",BS151012,32 ECT,1.21,1.18,1.1,1.08,1.02,$30.25 ,25/Bundle
"15 x 10 x 14"" Shipping Boxes",BS151014,32 ECT,1.32,1.26,1.21,1.18,1.11,$33.00 ,25/Bundle
"15 x 11 x 6"" Shipping Boxes",BS151106,32 ECT,0.99,0.94,0.92,0.86,0.84,$24.75 ,25/Bundle
"15 x 11 x 7"" Shipping Boxes",BS151107,32 ECT,1.04,1,0.95,0.92,0.87,$26.00 ,25/Bundle
"15 x 11 x 8"" Shipping Boxes",BS151108,32 ECT,1.09,1.06,1.02,0.95,0.93,$27.25 ,25/Bundle
"15 x 11 x 9"" Shipping Boxes",BS151109,32 ECT,1.16,1.09,1.07,1.02,0.98,$29.00 ,25/Bundle
"15 x 11 x 11"" Shipping Boxes",BS151111,32 ECT,1.26,1.2,1.16,1.1,1.08,$31.50 ,25/Bundle
"15 x 12 x 4"" Shipping Boxes",BS151204,32 ECT,0.95,0.92,0.87,0.84,0.83,$23.75 ,25/Bundle
"15 x 12 x 6"" Shipping Boxes",BS151206,32 ECT,1.08,1.04,0.99,0.94,0.92,$27.00 ,25/Bundle
"15 x 12 x 8"" Shipping Boxes",BS151208,32 ECT,1.19,1.12,1.09,1.06,1.02,$29.75 ,25/Bundle
"15 x 12 x 10"" Shipping Boxes",BS151210,32 ECT,1.31,1.25,1.2,1.16,1.1,$32.75 ,25/Bundle
"15 x 12 x 10"" White Boxes",BS151210W,32 ECT,1.43,1.37,1.32,1.26,1.21,$35.75 ,25/Bundle
"15 x 12 x 12"" Shipping Boxes",BS151212,32 ECT,1.43,1.35,1.31,1.25,1.2,$35.75 ,25/Bundle
"15 x 12 x 12"" Multi-Depth Boxes",BS151212MD,"Multi-Depth: 10, 8, 6"" • 32 ECT",1.43,1.35,1.31,1.25,1.2,$35.75 ,25/Bundle
"15 x 13 x 7"" Shipping Boxes",BS151307,32 ECT,1.24,1.18,1.12,1.09,1.06,$31.00 ,25/Bundle
"15 x 15 x 4"" Shipping Boxes",BS151504,32 ECT,1.25,1.2,1.16,1.1,1.07,$31.25 ,25/Bundle
"15 x 15 x 5"" Shipping Boxes",BS151505,32 ECT,1.32,1.26,1.21,1.18,1.1,$33.00 ,25/Bundle
"15 x 15 x 6"" Shipping Boxes",BS151506,32 ECT,1.37,1.33,1.26,1.21,1.18,$34.25 ,25/Bundle
"15 x 15 x 7"" Shipping Boxes",BS151507,32 ECT,1.44,1.37,1.33,1.26,1.23,$36.00 ,25/Bundle
"15 x 15 x 8"" Shipping Boxes",BS151508,32 ECT,1.5,1.44,1.37,1.33,1.26,$37.50 ,25/Bundle
"15 x 15 x 10"" Shipping Boxes",BS151510,32 ECT,1.62,1.58,1.5,1.44,1.39,$40.50 ,25/Bundle
"15 x 15 x 12"" Shipping Boxes",BS151512,32 ECT,1.76,1.67,1.61,1.57,1.49,$44.00 ,25/Bundle
"15 x 15 x 15"" Shipping Boxes",BS151515,32 ECT,1.65,1.65,1.65,1.65,1.65,$41.25 ,25/Bundle
"15 x 15 x 15"" Multi-Depth Boxes",BS151515MD,"Multi-Depth: 13, 11, 9, 7"" • 32 ECT",1.65,1.65,1.65,1.65,1.65,$41.25 ,25/Bundle
"15 x 15 x 20"" Shipping Boxes",BS151520,32 ECT,2.2,2.12,2.02,1.94,1.86,$44.00 ,20/Bundle
"15 x 15 x 30"" Shipping Boxes",BS151530,32 ECT,2.83,2.71,2.59,2.51,2.4,$56.60 ,20/Bundle
"15 x 15 x 48"" Shipping Boxes",BS151548,Golf Clubs • 32 ECT,5.62,5.39,5.16,4.95,4.75,$56.20 ,10/Bundle
"16 x 6 x 4"" Shipping Boxes",BS160604,32 ECT,0.62,0.59,0.57,0.54,0.51,$15.50 ,25/Bundle
"16 x 6 x 6"" Shipping Boxes",BS160606,32 ECT,0.76,0.73,0.7,0.68,0.67,$19.00 ,25/Bundle
"16 x 8 x 6"" Shipping Boxes",BS160806,32 ECT,0.79,0.75,0.72,0.69,0.68,$19.75 ,25/Bundle
"16 x 8 x 8"" Shipping Boxes",BS160808,32 ECT,0.87,0.84,0.82,0.79,0.76,$21.75 ,25/Bundle
"16 x 9 x 3"" Shipping Boxes",BS160903,32 ECT,0.9,0.85,0.83,0.79,0.76,$22.50 ,25/Bundle
"16 x 10 x 4"" Shipping Boxes",BS161004,32 ECT,0.84,0.82,0.76,0.75,0.72,$21.00 ,25/Bundle
"16 x 10 x 6"" Shipping Boxes",BS161006,32 ECT,0.93,0.87,0.85,0.83,0.8,$23.25 ,25/Bundle
"16 x 10 x 8"" Shipping Boxes",BS161008,32 ECT,1.04,1,0.95,0.92,0.87,$26.00 ,25/Bundle
"16 x 10 x 10"" Shipping Boxes",BS161010,32 ECT,1.16,1.09,1.07,1.02,0.98,$29.00 ,25/Bundle
"16 x 10 x 12"" Shipping Boxes",BS161012,32 ECT,1.26,1.2,1.16,1.1,1.08,$31.50 ,25/Bundle
"16 x 10 x 16"" Shipping Boxes",BS161016,32 ECT,1.48,1.43,1.35,1.31,1.25,$37.00 ,25/Bundle
"16 x 11 x 9"" Shipping Boxes",BS161109,32 ECT,1.19,1.12,1.09,1.06,1.02,$29.75 ,25/Bundle
"16 x 11 x 10"" Shipping Boxes",BS161110,32 ECT,1.25,1.2,1.16,1.09,1.07,$31.25 ,25/Bundle
"16 x 12 x 4"" Shipping Boxes",BS161204,32 ECT,1,0.95,0.92,0.87,0.84,$25.00 ,25/Bundle
"16 x 12 x 6"" Shipping Boxes",BS161206,32 ECT,1.1,1.08,1.02,0.99,0.94,$27.50 ,25/Bundle
"16 x 12 x 6"" Multi-Depth Boxes",BS161206MD,"Multi-Depth: 4, 2"" • 32 ECT",1.1,1.08,1.02,0.99,0.94,$27.50 ,25/Bundle
"16 x 12 x 7"" Shipping Boxes",BS161207,32 ECT,1.18,1.11,1.08,1.04,1,$29.50 ,25/Bundle
"16 x 12 x 8"" Shipping Boxes",BS161208,32 ECT,1.24,1.18,1.12,1.09,1.06,$31.00 ,25/Bundle
16,BS161209,32 ECT,1.35,1.29,1.24,1.19,1.12,$33.75 ,25/Bundle
"16 x 12 x 9"" Shipping Boxes",BS161209R,32 ECT,1.29,1.24,1.19,1.12,1.09,$32.25 ,25/Bundle
"16 x 12 x 10"" Shipping Boxes",BS161210,32 ECT,1.35,1.29,1.24,1.19,1.16,$33.75 ,25/Bundle
"16 x 12 x 12"" Shipping Boxes",BS161212,32 ECT,1.46,1.4,1.35,1.29,1.25,$36.50 ,25/Bundle
"16 x 12 x 12"" Multi-Depth Boxes",BS161212MD,"Multi-Depth: 10, 8, 6"" • 32 ECT",1.46,1.4,1.35,1.29,1.25,$36.50 ,25/Bundle
"16 x 13 x 10"" Shipping Boxes",BS161310,32 ECT,1.45,1.39,1.35,1.29,1.24,$36.25 ,25/Bundle
"16 x 13 x 13"" Shipping Boxes",BS161313,32 ECT,1.64,1.58,1.5,1.44,1.39,$41.00 ,25/Bundle
"16 x 14 x 4"" Shipping Boxes",BS161404,32 ECT,1.19,1.12,1.09,1.06,1.02,$29.75 ,25/Bundle
"16 x 14 x 6"" Shipping Boxes",BS161406,32 ECT,1.32,1.26,1.21,1.18,1.1,$33.00 ,25/Bundle
"16 x 14 x 8"" Shipping Boxes",BS161408,32 ECT,1.44,1.37,1.33,1.26,1.23,$36.00 ,25/Bundle
"16 x 14 x 10"" Shipping Boxes",BS161410,32 ECT,1.58,1.5,1.44,1.37,1.33,$39.50 ,25/Bundle
"16 x 14 x 12"" Shipping Boxes",BS161412,32 ECT,1.68,1.61,1.57,1.49,1.44,$42.00 ,25/Bundle
"16 x 14 x 14"" Shipping Boxes",BS161414,32 ECT,1.83,1.75,1.67,1.6,1.54,$45.75 ,25/Bundle
"16 x 16 x 4"" Shipping Boxes",BS161604,32 ECT,1.4,1.35,1.29,1.24,1.19,$35.00 ,25/Bundle
"16 x 16 x 5"" Shipping Boxes",BS161605,32 ECT,1.46,1.4,1.35,1.29,1.25,$36.50 ,25/Bundle
"16 x 16 x 6"" Shipping Boxes",BS161606,32 ECT,1.51,1.46,1.4,1.35,1.31,$37.75 ,25/Bundle
"16 x 16 x 6"" Multi-Depth Boxes",BS161606MD,"Multi-Depth: 4, 2"" • 32 ECT",1.51,1.46,1.4,1.35,1.31,$37.75 ,25/Bundle
"16 x 16 x 7"" Shipping Boxes",BS161607,32 ECT,1.6,1.51,1.46,1.43,1.36,$40.00 ,25/Bundle
"16 x 16 x 8"" Shipping Boxes",BS161608,32 ECT,1.67,1.6,1.51,1.46,1.43,$41.75 ,25/Bundle
"16 x 16 x 9"" Shipping Boxes",BS161609,32 ECT,1.74,1.65,1.6,1.51,1.46,$43.50 ,25/Bundle
"16 x 16 x 10"" Shipping Boxes",BS161610,32 ECT,1.81,1.74,1.65,1.6,1.51,$45.25 ,25/Bundle
"16 x 16 x 11"" Shipping Boxes",BS161611,32 ECT,1.86,1.79,1.71,1.64,1.59,$46.50 ,25/Bundle
"16 x 16 x 12"" Shipping Boxes",BS161612,32 ECT,1.93,1.85,1.77,1.7,1.64,$48.25 ,25/Bundle
"16 x 16 x 13"" Shipping Boxes",BS161613,32 ECT,1.68,1.68,1.68,1.68,1.68,$42.00 ,25/Bundle
"16 x 16 x 14"" Shipping Boxes",BS161614,32 ECT,2.07,1.99,1.89,1.83,1.76,$51.75 ,25/Bundle
"16 x 16 x 15"" Shipping Boxes",BS161615,32 ECT,2.13,2.04,1.95,1.87,1.81,$53.25 ,25/Bundle
"16 x 16 x 16"" Shipping Boxes",BS161616,32 ECT,1.86,1.86,1.86,1.86,1.86,$46.50 ,25/Bundle
"16 x 16 x 16"" White Boxes",BS161616W,32 ECT,2.04,2.04,2.04,2.04,2.04,$51.00 ,25/Bundle
"16 x 16 x 16"" Multi-Depth Boxes",BS161616MD,"Multi-Depth: 14, 12, 10, 8"" • 32 ECT",1.86,1.86,1.86,1.86,1.86,$46.50 ,25/Bundle
"16 x 16 x 18"" Shipping Boxes",BS161618,32 ECT,2.34,2.24,2.15,2.06,1.99,$58.50 ,25/Bundle
"16 x 16 x 19"" Shipping Boxes",BS161619,32 ECT,2.35,2.26,2.16,2.08,2,$58.75 ,25/Bundle
"16 x 16 x 20"" Shipping Boxes",BS161620,32 ECT,2.42,2.33,2.22,2.13,2.06,$48.40 ,20/Bundle
"16 x 16 x 24"" Shipping Boxes",BS161624,32 ECT,2.69,2.58,2.45,2.35,2.26,$53.80 ,20/Bundle
"16 x 16 x 26"" Shipping Boxes",BS161626,32 ECT,2.82,2.7,2.59,2.49,2.38,$56.40 ,20/Bundle
"16 x 16 x 30"" Shipping Boxes",BS161630,32 ECT,3.09,2.94,2.83,2.71,2.6,$61.80 ,20/Bundle
"16 x 16 x 36"" Shipping Boxes",BS161636,32 ECT,3.81,3.65,3.5,3.35,3.23,$76.20 ,20/Bundle
"17 x 6 x 6"" Shipping Boxes",BS170606,32 ECT,0.76,0.73,0.69,0.68,0.65,$19.00 ,25/Bundle
"17 x 8 x 8"" Shipping Boxes",BS170808,32 ECT,0.9,0.85,0.83,0.8,0.76,$22.50 ,25/Bundle
"17 x 9 x 9"" Shipping Boxes",BS170909,32 ECT,1.04,1,0.95,0.92,0.87,$26.00 ,25/Bundle
"17 x 10 x 10"" Shipping Boxes",BS171010,32 ECT,1.19,1.12,1.09,1.06,1.02,$29.75 ,25/Bundle
17,BS171104,4 Paper Reams • 32 ECT,0.98,0.92,0.87,0.85,0.83,$24.50 ,25/Bundle
17,BS171105,4 Paper Reams • 32 ECT,1.02,0.99,0.94,0.92,0.86,$25.50 ,25/Bundle
17,BS171106,6 Paper Reams • 32 ECT,1.09,1.06,1,0.95,0.92,$27.25 ,25/Bundle
17,BS171106W,6 Paper Reams • 32 ECT,1.2,1.16,1.09,1.06,1.02,$30.00 ,25/Bundle
17,BS171106MD,"6 Paper Reams • Multi-Depth: 4"" • 32 ECT",1.09,1.06,1,0.95,0.92,$27.25 ,25/Bundle
17,BS171106R,6 Paper Reams • 32 ECT,1.1,1.07,1.02,0.99,0.94,$27.50 ,25/Bundle
17,BS171107,6 Paper Reams • 32 ECT,1.16,1.09,1.07,1.02,0.98,$29.00 ,25/Bundle
17,BS171108,8 Paper Reams • 32 ECT,1.21,1.18,1.1,1.07,1.02,$30.25 ,25/Bundle
17,BS171108W,8 Paper Reams • 32 ECT,1.33,1.26,1.21,1.18,1.11,$33.25 ,25/Bundle
17,BS171108MD,"8 Paper Reams • Multi-Depth: 6"" • 32 ECT",1.21,1.18,1.1,1.07,1.02,$30.25 ,25/Bundle
17,BS171110,10 Paper Reams • 32 ECT,1.33,1.26,1.23,1.18,1.11,$33.25 ,25/Bundle
17,BS171110W,10 Paper Reams • 32 ECT,1.45,1.39,1.35,1.29,1.24,$36.25 ,25/Bundle
17,BS171111,12 Paper Reams • 32 ECT,1.43,1.35,1.31,1.25,1.2,$35.75 ,25/Bundle
17,BS171111MD,"10 Paper Reams • Multi-Depth: 9, 7, 5"" • 32 ECT",1.43,1.35,1.31,1.25,1.2,$35.75 ,25/Bundle
17,BS171112MD,"12 Paper Reams • Multi-Depth: 10, 8, 6"" • 32 ECT",1.45,1.39,1.33,1.26,1.23,$36.25 ,25/Bundle
17,BS171112RMD,"12 Paper Reams • Multi-Depth: 10, 8, 6"" • 32 ECT",1.48,1.43,1.35,1.31,1.25,$37.00 ,25/Bundle
17,BS171114,14 Paper Reams • 32 ECT,1.59,1.5,1.45,1.39,1.35,$39.75 ,25/Bundle
"17 x 12 x 10"" Shipping Boxes",BS171210,32 ECT,1.4,1.35,1.26,1.23,1.19,$35.00 ,25/Bundle
"17 x 12 x 12"" Shipping Boxes",BS171212,32 ECT,1.5,1.45,1.39,1.35,1.29,$37.50 ,25/Bundle
"17 x 13 x 5"" Shipping Boxes",BS171305,32 ECT,1.19,1.12,1.09,1.06,1.02,$29.75 ,25/Bundle
"17 x 13 x 13"" Shipping Boxes",BS171313,32 ECT,1.68,1.61,1.57,1.49,1.44,$42.00 ,25/Bundle
"17 x 14 x 5"" Shipping Boxes",BS171405,32 ECT,1.29,1.24,1.19,1.12,1.09,$32.25 ,25/Bundle
"17 x 14 x 9"" Shipping Boxes",BS171409,32 ECT,1.57,1.49,1.43,1.36,1.32,$39.25 ,25/Bundle
"17 x 14 x 10"" Shipping Boxes",BS171410,32 ECT,1.61,1.57,1.49,1.43,1.37,$40.25 ,25/Bundle
17,BS171410R,32 ECT,1.65,1.6,1.51,1.46,1.4,$41.25 ,25/Bundle
"17 x 14 x 12"" Shipping Boxes",BS171412,32 ECT,1.75,1.67,1.6,1.54,1.48,$43.75 ,25/Bundle
"17 x 14 x 14"" Shipping Boxes",BS171414,32 ECT,1.87,1.79,1.71,1.65,1.6,$46.75 ,25/Bundle
"17 x 17 x 4"" Shipping Boxes",BS171704,32 ECT,1.51,1.46,1.4,1.35,1.31,$37.75 ,25/Bundle
"17 x 17 x 6"" Shipping Boxes",BS171706,32 ECT,1.68,1.62,1.57,1.49,1.44,$42.00 ,25/Bundle
"17 x 17 x 8"" Shipping Boxes",BS171708,32 ECT,1.84,1.76,1.68,1.61,1.57,$46.00 ,25/Bundle
"17 x 17 x 10"" Shipping Boxes",BS171710,32 ECT,1.99,1.89,1.83,1.75,1.67,$49.75 ,25/Bundle
"17 x 17 x 12"" Shipping Boxes",BS171712,32 ECT,2.12,2.02,1.94,1.86,1.79,$53.00 ,25/Bundle
"17 x 17 x 14"" Shipping Boxes",BS171714,32 ECT,2.26,2.17,2.08,2,1.93,$56.50 ,25/Bundle
"17 x 17 x 17"" Shipping Boxes",BS171717,32 ECT,2.08,2.08,2.08,2.08,2.08,$52.00 ,25/Bundle
"17 x 17 x 17"" Multi-Depth Boxes",BS171717MD,"Multi-Depth: 15, 13, 11"" • 32 ECT",2.08,2.08,2.08,2.08,2.08,$52.00 ,25/Bundle
"18 x 4 x 4"" Shipping Boxes",BS180404,32 ECT,0.57,0.54,0.53,0.51,0.5,$14.25 ,25/Bundle
"18 x 6 x 4"" Shipping Boxes",BS180604,32 ECT,0.68,0.65,0.62,0.59,0.57,$17.00 ,25/Bundle
"18 x 6 x 6"" Shipping Boxes",BS180606,32 ECT,0.84,0.8,0.76,0.73,0.7,$21.00 ,25/Bundle
"18 x 8 x 4"" Shipping Boxes",BS180804,32 ECT,0.84,0.82,0.76,0.75,0.7,$21.00 ,25/Bundle
"18 x 8 x 6"" Shipping Boxes",BS180806,32 ECT,0.84,0.82,0.76,0.75,0.72,$21.00 ,25/Bundle
"18 x 8 x 8"" Shipping Boxes",BS180808,32 ECT,0.93,0.87,0.85,0.83,0.8,$23.25 ,25/Bundle
"18 x 9 x 9"" Shipping Boxes",BS180909,32 ECT,1.08,1.04,0.99,0.94,0.92,$27.00 ,25/Bundle
"18 x 10 x 4"" Shipping Boxes",BS181004,32 ECT,0.92,0.85,0.84,0.8,0.76,$23.00 ,25/Bundle
"18 x 10 x 6"" Shipping Boxes",BS181006,32 ECT,1,0.95,0.92,0.87,0.84,$25.00 ,25/Bundle
"18 x 10 x 8"" Shipping Boxes",BS181008,32 ECT,1.1,1.08,1.02,0.99,0.94,$27.50 ,25/Bundle
"18 x 10 x 10"" Shipping Boxes",BS181010,32 ECT,1.24,1.18,1.12,1.09,1.06,$31.00 ,25/Bundle
"18 x 12 x 4"" Shipping Boxes",BS181204,Books • 32 ECT,1.07,1.02,0.98,0.93,0.92,$26.75 ,25/Bundle
"18 x 12 x 5"" Shipping Boxes",BS181205,Books • 32 ECT,1.11,1.08,1.04,1,0.95,$27.75 ,25/Bundle
"18 x 12 x 6"" Shipping Boxes",BS181206,Books • 32 ECT,1.19,1.12,1.09,1.06,1.02,$29.75 ,25/Bundle
"18 x 12 x 6"" Multi-Depth Boxes",BS181206MD,"Books • Multi-Depth: 4, 2"" • 32 ECT",1.19,1.12,1.09,1.06,1.02,$29.75 ,25/Bundle
18,BS181206R,32 ECT,1.26,1.21,1.18,1.1,1.08,$31.50 ,25/Bundle
"18 x 12 x 7"" Shipping Boxes",BS181207,Books • 32 ECT,1.25,1.2,1.16,1.1,1.07,$31.25 ,25/Bundle
18,BS181207R,32 ECT,1.33,1.26,1.21,1.18,1.11,$33.25 ,25/Bundle
"18 x 12 x 8"" Shipping Boxes",BS181208,Books • 32 ECT,1.32,1.26,1.21,1.18,1.1,$33.00 ,25/Bundle
18,BS181208R,32 ECT,1.39,1.33,1.26,1.23,1.18,$34.75 ,25/Bundle
"18 x 12 x 9"" Shipping Boxes",BS181209,Books • 32 ECT,1.37,1.33,1.26,1.21,1.18,$34.25 ,25/Bundle
18,BS181209R,32 ECT,1.45,1.39,1.35,1.29,1.24,$36.25 ,25/Bundle
"18 x 12 x 10"" Shipping Boxes",BS181210,Books • 32 ECT,1.44,1.37,1.33,1.26,1.23,$36.00 ,25/Bundle
18,BS181210R,32 ECT,1.5,1.45,1.4,1.35,1.29,$37.50 ,25/Bundle
"18 x 12 x 12"" Shipping Boxes",BS181212,Books • 32 ECT,1.58,1.5,1.44,1.37,1.33,$39.50 ,25/Bundle
"18 x 12 x 12"" White Boxes",BS181212W,Book Box • 32 ECT,1.71,1.64,1.59,1.5,1.46,$42.75 ,25/Bundle
"18 x 12 x 12"" Multi-Depth Boxes",BS181212MD,"Books • Multi-Depth: 10, 8, 6"" • 32 ECT",1.58,1.5,1.44,1.37,1.33,$39.50 ,25/Bundle
18,BS181212R,32 ECT,1.65,1.59,1.5,1.45,1.4,$33.00 ,20/Bundle
"18 x 12 x 14"" Shipping Boxes",BS181214,Books • 32 ECT,1.68,1.61,1.57,1.49,1.44,$33.60 ,20/Bundle
18,BS181214R,32 ECT,1.77,1.7,1.62,1.58,1.5,$35.40 ,20/Bundle
"18 x 12 x 16"" Shipping Boxes",BS181216,Books • 32 ECT,1.83,1.75,1.67,1.6,1.54,$45.75 ,25/Bundle
"18 x 12 x 18"" Shipping Boxes",BS181218,Books • 32 ECT,1.94,1.85,1.77,1.71,1.65,$48.50 ,25/Bundle
"18 x 13 x 12"" Shipping Boxes",BS181312,32 ECT,1.67,1.61,1.54,1.48,1.43,$41.75 ,25/Bundle
"18 x 14 x 4"" Shipping Boxes",BS181404,4 Paper Reams (Legal Size) • 32 ECT,1.26,1.21,1.18,1.1,1.08,$31.50 ,25/Bundle
"18 x 14 x 6"" Shipping Boxes",BS181406,6 Paper Reams (Legal Size) • 32 ECT,1.4,1.35,1.29,1.24,1.19,$35.00 ,25/Bundle
"18 x 14 x 8"" Shipping Boxes",BS181408,8 Paper Reams (Legal Size) • 32 ECT,1.51,1.46,1.4,1.35,1.31,$30.20 ,20/Bundle
"18 x 14 x 10"" Shipping Boxes",BS181410,10 Paper Reams (Legal Size) • 32 ECT,1.67,1.6,1.51,1.46,1.43,$41.75 ,25/Bundle
"18 x 14 x 12"" Shipping Boxes",BS181412,12 Paper Reams (Legal Size) • 32 ECT,1.81,1.74,1.65,1.6,1.51,$45.25 ,25/Bundle
"18 x 14 x 14"" Shipping Boxes",BS181414,14 Paper Reams (Legal Size) • 32 ECT,1.64,1.64,1.64,1.64,1.64,$32.80 ,20/Bundle
"18 x 15 x 15"" Multi-Depth Boxes",BS181515MD,"Multi-Depth: 13, 11"" • 32 ECT",2.13,2.04,1.95,1.87,1.81,$42.60 ,20/Bundle
"18 x 16 x 4"" Shipping Boxes",BS181604,32 ECT,1.48,1.43,1.36,1.32,1.26,$37.00 ,25/Bundle
"18 x 16 x 6"" Shipping Boxes",BS181606,32 ECT,1.62,1.57,1.49,1.43,1.37,$40.50 ,25/Bundle
"18 x 16 x 8"" Shipping Boxes",BS181608,32 ECT,1.76,1.68,1.61,1.57,1.5,$44.00 ,25/Bundle
"18 x 16 x 10"" Shipping Boxes",BS181610,32 ECT,1.9,1.84,1.76,1.67,1.61,$47.50 ,25/Bundle
"18 x 16 x 12"" Shipping Boxes",BS181612,32 ECT,2.04,1.95,1.87,1.81,1.75,$51.00 ,25/Bundle
"18 x 16 x 14"" Shipping Boxes",BS181614,32 ECT,2.19,2.08,2.01,1.93,1.85,$54.75 ,25/Bundle
"18 x 16 x 16"" Shipping Boxes",BS181616,32 ECT,2.34,2.24,2.15,2.06,1.99,$46.80 ,20/Bundle
"18 x 18 x 4"" Shipping Boxes",BS181804,32 ECT,1.71,1.64,1.59,1.5,1.45,$42.75 ,25/Bundle
"18 x 18 x 6"" Shipping Boxes",BS181806,32 ECT,1.86,1.79,1.71,1.64,1.59,$46.50 ,25/Bundle
"18 x 18 x 6"" Multi-Depth Boxes",BS181806MD,"Multi-Depth: 4, 2"" • 32 ECT",1.86,1.79,1.71,1.64,1.59,$46.50 ,25/Bundle
"18 x 18 x 8"" Shipping Boxes",BS181808,32 ECT,2.01,1.93,1.85,1.77,1.7,$50.25 ,25/Bundle
18,BS181809R,32 ECT,2.18,2.08,2.01,1.93,1.85,$43.60 ,20/Bundle
"18 x 18 x 10"" Shipping Boxes",BS181810,32 ECT,2.17,2.07,2,1.9,1.84,$43.40 ,20/Bundle
"18 x 18 x 12"" Shipping Boxes",BS181812,32 ECT,2.33,2.22,2.12,2.04,1.98,$46.60 ,20/Bundle
"18 x 18 x 12"" Multi-Depth Boxes",BS181812MD,"Multi-Depth: 10, 8, 6"" • 32 ECT",2.33,2.22,2.12,2.04,1.98,$46.60 ,20/Bundle
"18 x 18 x 14"" Shipping Boxes",BS181814,32 ECT,2.45,2.35,2.26,2.17,2.08,$49.00 ,20/Bundle
"18 x 18 x 15"" Shipping Boxes",BS181815,32 ECT,2.53,2.43,2.34,2.24,2.16,$50.60 ,20/Bundle
"18 x 18 x 16"" Shipping Boxes",BS181816,3 Cubic Feet • 32 ECT,2.6,2.51,2.4,2.32,2.22,$52.00 ,20/Bundle
"18 x 18 x 18"" Shipping Boxes",BS181818,32 ECT,2.45,2.45,2.45,2.45,2.45,$49.00 ,20/Bundle
"18 x 18 x 18"" White Boxes",BS181818W,32 ECT,3.32,3.32,3.32,3.32,3.32,$66.40 ,20/Bundle
"18 x 18 x 18"" Multi-Depth Boxes",BS181818MD,"Multi-Depth: 16, 14, 12, 10"" • 32 ECT",2.45,2.45,2.45,2.45,2.45,$49.00 ,20/Bundle
"18 x 18 x 20"" Shipping Boxes",BS181820,32 ECT,3.08,2.93,2.81,2.7,2.59,$61.60 ,20/Bundle
"18 x 18 x 24"" Shipping Boxes",BS181824,4 1/2 Cubic Feet • 32 ECT,3.36,3.23,3.09,2.98,2.85,$67.20 ,20/Bundle
"18 x 18 x 28"" Shipping Boxes",BS181828,32 ECT,3.45,3.28,3.15,3.01,2.92,$69.00 ,20/Bundle
"18 x 18 x 36"" Shipping Boxes",BS181836,32 ECT,4.44,4.24,4.07,3.91,3.76,$88.80 ,20/Bundle
"19 x 12 x 4"" Shipping Boxes",BS191204,32 ECT,1.09,1.06,1.02,0.98,0.93,$27.25 ,25/Bundle
"19 x 13 x 13"" Shipping Boxes",BS191313,32 ECT,1.81,1.81,1.74,1.65,1.6,$36.20 ,20/Bundle
"19 x 19 x 19"" Shipping Boxes",BS191919,32 ECT,2.56,2.56,2.56,2.56,2.56,$51.20 ,20/Bundle
"20 x 4 x 4"" Shipping Boxes",BS200404,32 ECT,0.56,0.56,0.53,0.51,0.5,$14.00 ,25/Bundle
"20 x 5 x 5"" Shipping Boxes",BS200505,32 ECT,0.73,0.73,0.69,0.68,0.65,$18.25 ,25/Bundle
"20 x 6 x 6"" Shipping Boxes",BS200606,32 ECT,0.73,0.73,0.69,0.68,0.65,$18.25 ,25/Bundle
"20 x 8 x 6"" Shipping Boxes",BS200806,32 ECT,0.92,0.92,0.85,0.84,0.8,$23.00 ,25/Bundle
"20 x 8 x 8"" Shipping Boxes",BS200808,32 ECT,1,1,0.95,0.92,0.87,$25.00 ,25/Bundle
"20 x 10 x 4"" Shipping Boxes",BS201004,32 ECT,0.93,0.93,0.9,0.85,0.84,$23.25 ,25/Bundle
"20 x 10 x 6"" Shipping Boxes",BS201006,32 ECT,1.07,1.07,1.02,0.98,0.93,$26.75 ,25/Bundle
"20 x 10 x 8"" Shipping Boxes",BS201008,32 ECT,1.19,1.19,1.12,1.09,1.06,$29.75 ,25/Bundle
"20 x 10 x 10"" Shipping Boxes",BS201010,32 ECT,1.32,1.32,1.26,1.21,1.18,$33.00 ,25/Bundle
"20 x 10 x 12"" Shipping Boxes",BS201012,32 ECT,1.44,1.44,1.37,1.33,1.26,$36.00 ,25/Bundle
"20 x 12 x 4"" Shipping Boxes",BS201204,32 ECT,1.12,1.12,1.09,1.04,1,$28.00 ,25/Bundle
"20 x 12 x 6"" Shipping Boxes",BS201206,32 ECT,1.26,1.26,1.21,1.18,1.1,$31.50 ,25/Bundle
"20 x 12 x 8"" Shipping Boxes",BS201208,32 ECT,1.4,1.4,1.35,1.29,1.24,$28.00 ,20/Bundle
"20 x 12 x 10"" Shipping Boxes",BS201210,32 ECT,1.51,1.51,1.46,1.4,1.35,$30.20 ,20/Bundle
"20 x 12 x 12"" Shipping Boxes",BS201212,32 ECT,1.67,1.67,1.6,1.51,1.46,$33.40 ,20/Bundle
"20 x 12 x 12"" Multi-Depth Boxes",BS201212MD,"Multi-Depth: 10, 8, 6"" • 32 ECT",1.67,1.67,1.6,1.51,1.46,$33.40 ,20/Bundle
"20 x 13 x 10"" Shipping Boxes",BS201310,32 ECT,1.65,1.65,1.59,1.5,1.45,$33.00 ,20/Bundle
"20 x 14 x 4"" Shipping Boxes",BS201404,32 ECT,1.35,1.35,1.29,1.24,1.19,$33.75 ,25/Bundle
"20 x 14 x 6"" Shipping Boxes",BS201406,32 ECT,1.48,1.48,1.43,1.36,1.32,$37.00 ,25/Bundle
"20 x 14 x 8"" Shipping Boxes",BS201408,32 ECT,1.62,1.62,1.57,1.49,1.43,$32.40 ,20/Bundle
"20 x 14 x 10"" Shipping Boxes",BS201410,32 ECT,1.76,1.76,1.68,1.61,1.57,$35.20 ,20/Bundle
"20 x 14 x 12"" Shipping Boxes",BS201412,32 ECT,1.9,1.9,1.84,1.76,1.67,$38.00 ,20/Bundle
"20 x 14 x 14"" Shipping Boxes",BS201414,32 ECT,2.04,2.04,1.95,1.87,1.81,$40.80 ,20/Bundle
"20 x 14 x 14"" Multi-Depth Boxes",BS201414MD,"Multi-Depth: 12, 10, 8"" • 32 ECT",2.04,2.04,1.95,1.87,1.81,$40.80 ,20/Bundle
"20 x 14 x 16"" Shipping Boxes",BS201416,32 ECT,2.19,2.19,2.08,2.01,1.93,$43.80 ,20/Bundle
"20 x 14 x 18"" Shipping Boxes",BS201418,32 ECT,2.34,2.34,2.24,2.15,2.06,$46.80 ,20/Bundle
"20 x 15 x 6"" Shipping Boxes",BS201506,32 ECT,1.6,1.6,1.51,1.46,1.43,$40.00 ,25/Bundle
"20 x 15 x 9"" Shipping Boxes",BS201509,32 ECT,1.83,1.83,1.75,1.67,1.6,$36.60 ,20/Bundle
"20 x 15 x 10"" Shipping Boxes",BS201510,32 ECT,1.89,1.89,1.81,1.74,1.67,$37.80 ,20/Bundle
"20 x 15 x 12"" Shipping Boxes",BS201512,32 ECT,2.02,2.02,1.94,1.86,1.79,$40.40 ,20/Bundle
"20 x 15 x 15"" Shipping Boxes",BS201515,32 ECT,2.26,2.26,2.16,2.07,1.99,$45.20 ,20/Bundle
"20 x 16 x 4"" Shipping Boxes",BS201604,32 ECT,1.58,1.58,1.5,1.44,1.37,$39.50 ,25/Bundle
"20 x 16 x 6"" Shipping Boxes",BS201606,32 ECT,1.71,1.71,1.64,1.59,1.5,$34.20 ,20/Bundle
"20 x 16 x 8"" Shipping Boxes",BS201608,32 ECT,1.86,1.86,1.79,1.71,1.64,$37.20 ,20/Bundle
"20 x 16 x 10"" Shipping Boxes",BS201610,32 ECT,2.01,2.01,1.93,1.85,1.77,$40.20 ,20/Bundle
"20 x 16 x 12"" Shipping Boxes",BS201612,32 ECT,2.17,2.17,2.07,2,1.9,$43.40 ,20/Bundle
"20 x 16 x 14"" Shipping Boxes",BS201614,32 ECT,2.33,2.33,2.22,2.12,2.04,$46.60 ,20/Bundle
"20 x 16 x 14"" Multi-Depth Boxes",BS201614MD,"Multi-Depth: 12, 10, 8"" • 32 ECT",2.33,2.33,2.22,2.12,2.04,$46.60 ,20/Bundle
"20 x 16 x 16"" Shipping Boxes",BS201616,32 ECT,2.45,2.45,2.35,2.26,2.17,$49.00 ,20/Bundle
"20 x 18 x 6"" Shipping Boxes",BS201806,32 ECT,1.98,1.98,1.87,1.81,1.74,$39.60 ,20/Bundle
"20 x 18 x 8"" Shipping Boxes",BS201808,32 ECT,2.12,2.12,2.02,1.94,1.86,$42.40 ,20/Bundle
"20 x 18 x 10"" Shipping Boxes",BS201810,32 ECT,2.27,2.27,2.18,2.08,2.01,$45.40 ,20/Bundle
"20 x 18 x 12"" Shipping Boxes",BS201812,32 ECT,2.43,2.43,2.34,2.24,2.15,$48.60 ,20/Bundle
"20 x 18 x 14"" Shipping Boxes",BS201814,32 ECT,2.59,2.59,2.49,2.38,2.27,$51.80 ,20/Bundle
"20 x 18 x 16"" Shipping Boxes",BS201816,32 ECT,2.89,2.89,2.75,2.65,2.56,$57.80 ,20/Bundle
"20 x 18 x 18"" Shipping Boxes",BS201818,32 ECT,2.84,2.84,2.74,2.61,2.52,$56.80 ,20/Bundle
"20 x 18 x 22"" Shipping Boxes",BS201822,32 ECT,3.16,3.16,3.01,2.91,2.78,$63.20 ,20/Bundle
"20 x 20 x 4"" Shipping Boxes",BS202004,32 ECT,2.07,2.07,1.99,1.89,1.83,$41.40 ,20/Bundle
"20 x 20 x 6"" Shipping Boxes",BS202006,32 ECT,2.24,2.24,2.13,2.04,1.98,$44.80 ,20/Bundle
"20 x 20 x 8"" Shipping Boxes",BS202008,32 ECT,2.4,2.4,2.31,2.19,2.1,$48.00 ,20/Bundle
"20 x 20 x 10"" Shipping Boxes",BS202010,32 ECT,2.57,2.57,2.44,2.34,2.26,$51.40 ,20/Bundle
"20 x 20 x 11"" Shipping Boxes",BS202011,32 ECT,2.76,2.76,2.66,2.56,2.44,$55.20 ,20/Bundle
"20 x 20 x 12"" Shipping Boxes",BS202012,32 ECT,2.85,2.85,2.74,2.61,2.52,$57.00 ,20/Bundle
"20 x 20 x 12"" Multi-Depth Boxes",BS202012MD,"Multi-Depth: 10, 8, 6"" • 32 ECT",2.85,2.85,2.74,2.61,2.52,$57.00 ,20/Bundle
"20 x 20 x 14"" Shipping Boxes",BS202014,32 ECT,3.02,3.02,2.91,2.78,2.67,$60.40 ,20/Bundle
"20 x 20 x 15"" Shipping Boxes",BS202015,32 ECT,2.93,2.93,2.81,2.69,2.58,$58.60 ,20/Bundle
"20 x 20 x 16"" Shipping Boxes",BS202016,32 ECT,3,3,2.86,2.75,2.65,$60.00 ,20/Bundle
"20 x 20 x 18"" Shipping Boxes",BS202018,32 ECT,3.16,3.16,3.01,2.91,2.78,$63.20 ,20/Bundle
"20 x 20 x 20"" Shipping Boxes",BS202020,32 ECT,3,3,3,3,3,$60.00 ,20/Bundle
"20 x 20 x 20"" Multi-Depth Boxes",BS202020MD,"Multi-Depth: 18, 16, 14"" • 32 ECT",3.56,3.56,3.4,3.26,3.14,$71.20 ,20/Bundle
"20 x 20 x 24"" Shipping Boxes",BS202024,32 ECT,3.52,3.52,3.37,3.23,3.1,$70.40 ,20/Bundle
"20 x 20 x 25"" Shipping Boxes",BS202025,32 ECT,4,4,3.83,3.67,3.51,$80.00 ,20/Bundle
"20 x 20 x 26"" Shipping Boxes",BS202026,32 ECT,3.83,3.83,3.66,3.51,3.36,$76.60 ,20/Bundle
"20 x 20 x 30"" Shipping Boxes",BS202030,32 ECT,4.54,4.54,4.35,4.17,4,$90.80 ,20/Bundle
"20 x 20 x 36"" Shipping Boxes",BS202036,32 ECT,5.09,5.09,4.86,4.67,4.49,$101.80 ,20/Bundle
"20 x 20 x 48"" Shipping Boxes",BS202048,32 ECT,6.9,6.9,6.59,6.32,6.06,$103.50 ,15/Bundle
"21 x 10 x 10"" Shipping Boxes",BS211010,32 ECT,1.36,1.36,1.31,1.25,1.2,$34.00 ,25/Bundle
"21 x 12 x 12"" Shipping Boxes",BS211212,32 ECT,1.71,1.71,1.64,1.59,1.5,$34.20 ,20/Bundle
"21 x 14 x 10"" Shipping Boxes",BS211410,32 ECT,1.83,1.83,1.75,1.67,1.6,$36.60 ,20/Bundle
"21 x 14 x 14"" Shipping Boxes",BS211414,32 ECT,2.1,2.1,2.01,1.93,1.85,$42.00 ,20/Bundle
"21 x 15 x 15"" Shipping Boxes",BS211515,32 ECT,2.33,2.33,2.22,2.12,2.04,$46.60 ,20/Bundle
"22 x 6 x 6"" Shipping Boxes",BS220606,32 ECT,0.79,0.79,0.75,0.72,0.69,$19.75 ,25/Bundle
"22 x 10 x 4"" Shipping Boxes",BS221004,32 ECT,1,1,0.95,0.92,0.87,$25.00 ,25/Bundle
"22 x 10 x 6"" Shipping Boxes",BS221006,32 ECT,1.12,1.12,1.09,1.04,1,$28.00 ,25/Bundle
"22 x 10 x 8"" Shipping Boxes",BS221008,32 ECT,1.26,1.26,1.21,1.18,1.1,$31.50 ,25/Bundle
"22 x 10 x 9"" Shipping Boxes",BS221009,32 ECT,1.35,1.35,1.26,1.23,1.18,$33.75 ,25/Bundle
"22 x 10 x 10"" Shipping Boxes",BS221010,32 ECT,1.4,1.4,1.35,1.29,1.24,$35.00 ,25/Bundle
"22 x 12 x 10"" Shipping Boxes",BS221210,32 ECT,1.62,1.62,1.57,1.49,1.43,$32.40 ,20/Bundle
"22 x 12 x 12"" Shipping Boxes",BS221212,32 ECT,1.76,1.76,1.68,1.61,1.57,$35.20 ,20/Bundle
"22 x 14 x 6"" Shipping Boxes",BS221406,32 ECT,1.58,1.58,1.5,1.44,1.37,$39.50 ,25/Bundle
"22 x 14 x 8"" Shipping Boxes",BS221408,32 ECT,1.71,1.71,1.64,1.59,1.5,$42.75 ,25/Bundle
"22 x 14 x 10"" Shipping Boxes",BS221410,32 ECT,1.86,1.86,1.79,1.71,1.64,$37.20 ,20/Bundle
"22 x 14 x 12"" Shipping Boxes",BS221412,32 ECT,2.01,2.01,1.93,1.85,1.77,$40.20 ,20/Bundle
"22 x 14 x 14"" Shipping Boxes",BS221414,32 ECT,2.17,2.17,2.07,2,1.9,$43.40 ,20/Bundle
"22 x 15 x 15"" Shipping Boxes",BS221515,32 ECT,2.37,2.37,2.26,2.18,2.08,$47.40 ,20/Bundle
"22 x 16 x 10"" Shipping Boxes",BS221610,32 ECT,2.12,2.12,2.02,1.94,1.86,$42.40 ,20/Bundle
"22 x 16 x 16"" Shipping Boxes",BS221616,32 ECT,2.59,2.59,2.49,2.38,2.27,$51.80 ,20/Bundle
"22 x 17 x 12"" Shipping Boxes",BS221712,32 ECT,2.42,2.42,2.33,2.22,2.13,$48.40 ,20/Bundle
"22 x 18 x 6"" Shipping Boxes",BS221806,32 ECT,2.07,2.07,1.99,1.89,1.83,$41.40 ,20/Bundle
"22 x 18 x 8"" Shipping Boxes",BS221808,32 ECT,2.24,2.24,2.13,2.04,1.98,$44.80 ,20/Bundle
"22 x 18 x 12"" Shipping Boxes",BS221812,32 ECT,2.57,2.57,2.44,2.34,2.26,$51.40 ,20/Bundle
"22 x 18 x 16"" Shipping Boxes",BS221816,32 ECT,3.02,3.02,2.91,2.78,2.67,$60.40 ,20/Bundle
"22 x 20 x 10"" Shipping Boxes",BS222010,32 ECT,2.83,2.83,2.7,2.59,2.49,$56.60 ,20/Bundle
"22 x 20 x 14"" Shipping Boxes",BS222014,32 ECT,2.98,2.98,2.84,2.74,2.61,$59.60 ,20/Bundle
"22 x 22 x 4"" Shipping Boxes",BS222204,32 ECT,2.44,2.44,2.34,2.25,2.16,$48.80 ,20/Bundle
"22 x 22 x 6"" Shipping Boxes",BS222206,32 ECT,2.61,2.61,2.52,2.41,2.33,$52.20 ,20/Bundle
"22 x 22 x 8"" Shipping Boxes",BS222208,32 ECT,2.95,2.95,2.83,2.71,2.59,$59.00 ,20/Bundle
"22 x 22 x 10"" Shipping Boxes",BS222210,32 ECT,3.14,3.14,3,2.86,2.75,$62.80 ,20/Bundle
"22 x 22 x 12"" Shipping Boxes",BS222212,32 ECT,3.34,3.34,3.19,3.07,2.94,$66.80 ,20/Bundle
"22 x 22 x 14"" Shipping Boxes",BS222214,32 ECT,3.27,3.27,3.14,3,2.89,$65.40 ,20/Bundle
"22 x 22 x 16"" Shipping Boxes",BS222216,32 ECT,3.48,3.48,3.34,3.19,3.08,$69.60 ,20/Bundle
"22 x 22 x 18"" Shipping Boxes",BS222218,32 ECT,3.51,3.51,3.36,3.23,3.1,$70.20 ,20/Bundle
"22 x 22 x 20"" Shipping Boxes",BS222220,32 ECT,4.09,4.09,3.92,3.76,3.6,$81.80 ,20/Bundle
"22 x 22 x 22"" Shipping Boxes",BS222222,6 Cubic Feet • 32 ECT,4.28,4.28,4.09,3.93,3.77,$85.60 ,20/Bundle
"22 x 22 x 22"" Multi-Depth Boxes",BS222222MD,"Multi-Depth: 20, 18, 16"" • 32 ECT",3.39,3.39,3.39,3.39,3.39,$67.80 ,20/Bundle
"22 x 22 x 36"" Shipping Boxes",BS222236,32 ECT,5.77,5.77,5.77,5.44,5.16,$86.55 ,15/Bundle
23 x 16 x 18,BS231618,32 ECT,2.83,2.83,2.7,2.59,2.49,$56.60 ,20/Bundle
"23 x 17 x 12"" Shipping Boxes",BS231712,32 ECT,2.49,2.49,2.37,2.26,2.18,$49.80 ,20/Bundle
"24 x 4 x 4"" Shipping Boxes",BS240404,32 ECT,0.72,0.72,0.69,0.67,0.63,$18.00 ,25/Bundle
"24 x 5 x 18"" Side-Loading Boxes",BS240518FOL,FOL • 32 ECT,1.6,1.6,1.6,1.6,1.6,$40.00 ,25/Bundle
"24 x 5 x 24"" Side-Loading Boxes",BS240524FOL,FOL • 32 ECT,2.16,2.16,2.16,2.16,2.16,$54.00 ,25/Bundle
"24 x 6 x 4"" Shipping Boxes",BS240604,32 ECT,0.86,0.86,0.84,0.8,0.76,$21.50 ,25/Bundle
"24 x 6 x 6"" Shipping Boxes",BS240606,32 ECT,0.84,0.84,0.8,0.76,0.73,$21.00 ,25/Bundle
"24 x 6 x 8"" Shipping Boxes",BS240608,32 ECT,0.93,0.93,0.9,0.85,0.84,$23.25 ,25/Bundle
"24 x 8 x 4"" Shipping Boxes",BS240804,32 ECT,1.09,1.09,1.06,1.02,0.98,$27.25 ,25/Bundle
"24 x 8 x 6"" Shipping Boxes",BS240806,32 ECT,1,1,0.95,0.92,0.87,$25.00 ,25/Bundle
"24 x 8 x 8"" Shipping Boxes",BS240808,32 ECT,1.12,1.12,1.09,1.04,1,$28.00 ,25/Bundle
"24 x 9 x 6"" Shipping Boxes",BS240906,32 ECT,1.09,1.09,1.06,1.02,0.98,$27.25 ,25/Bundle
"24 x 9 x 9"" Shipping Boxes",BS240909,32 ECT,1.31,1.31,1.25,1.2,1.16,$32.75 ,25/Bundle
"24 x 10 x 4"" Shipping Boxes",BS241004,32 ECT,1.02,1.02,0.95,0.92,0.87,$25.50 ,25/Bundle
"24 x 10 x 6"" Shipping Boxes",BS241006,32 ECT,1.2,1.2,1.16,1.09,1.07,$30.00 ,25/Bundle
"24 x 10 x 8"" Shipping Boxes",BS241008,32 ECT,1.35,1.35,1.29,1.24,1.19,$33.75 ,25/Bundle
"24 x 10 x 10"" Shipping Boxes",BS241010,32 ECT,1.48,1.48,1.43,1.36,1.32,$37.00 ,25/Bundle
"24 x 12 x 4"" Shipping Boxes",BS241204,32 ECT,1.26,1.26,1.21,1.18,1.1,$31.50 ,25/Bundle
"24 x 12 x 6"" Shipping Boxes",BS241206,32 ECT,1.43,1.43,1.35,1.31,1.25,$35.75 ,25/Bundle
"24 x 12 x 6"" Multi-Depth Boxes",BS241206MD,"Multi-Depth: 4, 2"" • 32 ECT",1.43,1.43,1.35,1.31,1.25,$35.75 ,25/Bundle
"24 x 12 x 8"" Shipping Boxes",BS241208,32 ECT,1.58,1.58,1.5,1.44,1.37,$39.50 ,25/Bundle
24 x 12,BS241208R,32 ECT,1.62,1.62,1.57,1.49,1.44,$40.50 ,25/Bundle
"24 x 12 x 10"" Shipping Boxes",BS241210,32 ECT,1.71,1.71,1.64,1.59,1.5,$42.75 ,25/Bundle
"24 x 12 x 12"" Shipping Boxes",BS241212,32 ECT,1.86,1.86,1.79,1.71,1.64,$46.50 ,25/Bundle
"24 x 12 x 12"" White Boxes",BS241212W,32 ECT,2.04,2.04,1.95,1.87,1.81,$51.00 ,25/Bundle
"24 x 12 x 12"" Multi-Depth Boxes",BS241212MD,"Multi-Depth: 10, 8, 6"" • 32 ECT",1.86,1.86,1.79,1.71,1.64,$46.50 ,25/Bundle
"24 x 12 x 24"" Shipping Boxes",BS241224,32 ECT,2.71,2.71,2.59,2.49,2.38,$54.20 ,20/Bundle
"24 x 14 x 4"" Shipping Boxes",BS241404,32 ECT,1.49,1.49,1.43,1.37,1.32,$37.25 ,25/Bundle
"24 x 14 x 6"" Shipping Boxes",BS241406,32 ECT,1.65,1.65,1.59,1.5,1.45,$41.25 ,25/Bundle
"24 x 14 x 8"" Shipping Boxes",BS241408,32 ECT,1.81,1.81,1.74,1.65,1.6,$36.20 ,20/Bundle
"24 x 14 x 10"" Shipping Boxes",BS241410,32 ECT,1.98,1.98,1.87,1.81,1.74,$39.60 ,20/Bundle
"24 x 14 x 12"" Shipping Boxes",BS241412,32 ECT,2.12,2.12,2.02,1.94,1.86,$42.40 ,20/Bundle
"24 x 14 x 14"" Shipping Boxes",BS241414,32 ECT,2.27,2.27,2.18,2.08,2.01,$45.40 ,20/Bundle
"24 x 14 x 18"" Shipping Boxes",BS241418,32 ECT,2.59,2.59,2.49,2.38,2.27,$51.80 ,20/Bundle
"24 x 14 x 20"" Shipping Boxes",BS241420,32 ECT,2.75,2.75,2.64,2.52,2.42,$55.00 ,20/Bundle
"24 x 15 x 10"" Shipping Boxes",BS241510,32 ECT,2.08,2.08,2.01,1.93,1.84,$41.60 ,20/Bundle
"24 x 15 x 12"" Shipping Boxes",BS241512,32 ECT,2.26,2.26,2.16,2.07,2,$45.20 ,20/Bundle
"24 x 15 x 15"" Shipping Boxes",BS241515,32 ECT,2.51,2.51,2.4,2.31,2.2,$50.20 ,20/Bundle
"24 x 16 x 4"" Shipping Boxes",BS241604,32 ECT,1.74,1.74,1.65,1.6,1.51,$43.50 ,25/Bundle
"24 x 16 x 6"" Shipping Boxes",BS241606,32 ECT,1.9,1.9,1.83,1.75,1.67,$38.00 ,20/Bundle
"24 x 16 x 8"" Shipping Boxes",BS241608,32 ECT,2.07,2.07,1.99,1.89,1.83,$41.40 ,20/Bundle
"24 x 16 x 10"" Shipping Boxes",BS241610,32 ECT,2.24,2.24,2.13,2.04,1.98,$44.80 ,20/Bundle
"24 x 16 x 12"" Shipping Boxes",BS241612,32 ECT,2.4,2.4,2.31,2.19,2.1,$48.00 ,20/Bundle
"24 x 16 x 12"" Multi-Depth Boxes",BS241612MD,"Multi-Depth: 10, 8, 6"" • 32 ECT",2.4,2.4,2.31,2.19,2.1,$48.00 ,20/Bundle
"24 x 16 x 14"" Shipping Boxes",BS241614,32 ECT,2.57,2.57,2.44,2.34,2.26,$51.40 ,20/Bundle
"24 x 16 x 16"" Shipping Boxes",BS241616,32 ECT,2.85,2.85,2.74,2.61,2.52,$57.00 ,20/Bundle
"24 x 16 x 18"" Shipping Boxes",BS241618,32 ECT,2.91,2.91,2.76,2.66,2.56,$58.20 ,20/Bundle
"24 x 16 x 24"" Shipping Boxes",BS241624,32 ECT,3.34,3.34,3.19,3.07,2.94,$66.80 ,20/Bundle
"24 x 17 x 12"" Shipping Boxes",BS241712,32 ECT,2.53,2.53,2.43,2.34,2.24,$50.60 ,20/Bundle
"24 x 17 x 15"" Shipping Boxes",BS241715,32 ECT,2.94,2.94,2.94,2.75,2.61,$58.80 ,20/Bundle
"24 x 18 x 4"" Shipping Boxes",BS241804,32 ECT,2,2,1.9,1.84,1.76,$40.00 ,20/Bundle
"24 x 18 x 6"" Shipping Boxes",BS241806,32 ECT,2.17,2.17,2.07,1.99,1.9,$43.40 ,20/Bundle
"24 x 18 x 8"" Shipping Boxes",BS241808,32 ECT,2.34,2.34,2.24,2.15,2.06,$46.80 ,20/Bundle
"24 x 18 x 10"" Shipping Boxes",BS241810,32 ECT,2.52,2.52,2.41,2.32,2.22,$50.40 ,20/Bundle
"24 x 18 x 12"" Shipping Boxes",BS241812,32 ECT,2.83,2.83,2.7,2.59,2.49,$56.60 ,20/Bundle
"24 x 18 x 12"" Multi-Depth Boxes",BS241812MD,"Multi-Depth: 10, 8, 6"" • 32 ECT",2.83,2.83,2.7,2.59,2.49,$56.60 ,20/Bundle
"24 x 18 x 14"" Shipping Boxes",BS241814,32 ECT,3,3,2.86,2.75,2.65,$60.00 ,20/Bundle
"24 x 18 x 16"" Shipping Boxes",BS241816,32 ECT,3.19,3.19,3.07,2.93,2.81,$63.80 ,20/Bundle
"24 x 18 x 18"" Shipping Boxes",BS241818,32 ECT,3.36,3.36,3.23,3.09,2.96,$67.20 ,20/Bundle
"24 x 18 x 18"" Multi-Depth Boxes",BS241818MD,"Multi-Depth: 16, 14, 12, 10"" • 32 ECT",3.15,3.15,3,2.89,2.76,$63.00 ,20/Bundle
"24 x 18 x 24"" Shipping Boxes",BS241824,32 ECT,3.92,3.92,3.75,3.59,3.45,$78.40 ,20/Bundle
"24 x 20 x 6"" Shipping Boxes",BS242006,32 ECT,2.44,2.44,2.34,2.25,2.16,$48.80 ,20/Bundle
"24 x 20 x 10"" Shipping Boxes",BS242010,32 ECT,2.95,2.95,2.83,2.71,2.59,$59.00 ,20/Bundle
"24 x 20 x 12"" Shipping Boxes",BS242012,32 ECT,3.14,3.14,3,2.86,2.75,$62.80 ,20/Bundle
"24 x 20 x 14"" Shipping Boxes",BS242014,32 ECT,3.34,3.34,3.19,3.07,2.94,$66.80 ,20/Bundle
"24 x 20 x 16"" Shipping Boxes",BS242016,32 ECT,3.28,3.28,3.15,3.01,2.91,$65.60 ,20/Bundle
"24 x 20 x 18"" Shipping Boxes",BS242018,32 ECT,3.48,3.48,3.34,3.19,3.08,$69.60 ,20/Bundle
"24 x 20 x 20"" Shipping Boxes",BS242020,32 ECT,3.66,3.66,3.5,3.35,3.22,$73.20 ,20/Bundle
"24 x 24 x 4"" Shipping Boxes",BS242404,32 ECT,3,3,2.86,2.75,2.65,$60.00 ,20/Bundle
"24 x 24 x 6"" Shipping Boxes",BS242406,32 ECT,3,3,2.86,2.75,2.65,$60.00 ,20/Bundle
"24 x 24 x 7"" Shipping Boxes",BS242407,32 ECT,3.1,3.1,2.96,2.84,2.73,$62.00 ,20/Bundle
"24 x 24 x 8"" Shipping Boxes",BS242408,32 ECT,3.2,3.2,3.08,2.94,2.82,$64.00 ,20/Bundle
"24 x 24 x 9"" Shipping Boxes",BS242409,32 ECT,3.51,3.51,3.36,3.23,3.1,$70.20 ,20/Bundle
"24 x 24 x 10"" Shipping Boxes",BS242410,32 ECT,3.37,3.37,3.23,3.1,2.98,$67.40 ,20/Bundle
"24 x 24 x 12"" Shipping Boxes",BS242412,32 ECT,3.59,3.59,3.41,3.27,3.15,$71.80 ,20/Bundle
"24 x 24 x 12"" Multi-Depth Boxes",BS242412MD,"Multi-Depth: 10, 8, 6"" • 32 ECT",3.59,3.59,3.42,3.28,3.15,$71.80 ,20/Bundle
"24 x 24 x 14"" Shipping Boxes",BS242414,32 ECT,3.76,3.76,3.6,3.46,3.33,$75.20 ,20/Bundle
"24 x 24 x 16"" Shipping Boxes",BS242416,32 ECT,3.95,3.95,3.78,3.62,3.5,$79.00 ,20/Bundle
"24 x 24 x 18"" Shipping Boxes",BS242418,32 ECT,4.16,4.16,3.97,3.81,3.66,$83.20 ,20/Bundle
"24 x 24 x 20"" Shipping Boxes",BS242420,32 ECT,4.34,4.34,4.16,3.99,3.84,$86.80 ,20/Bundle
"24 x 24 x 24"" Shipping Boxes",BS242424,32 ECT,4.29,4.29,4.29,4.29,4.29,$64.35 ,15/Bundle
"24 x 24 x 24"" Multi-Depth Boxes",BS242424MD,"Multi-Depth: 22, 20, 18, 16, 14, 12"" • 32 ECT",4,4,4,4,4,$60.00 ,15/Bundle
"24 x 24 x 30"" Shipping Boxes",BS242430,32 ECT,5.85,5.85,5.61,5.37,5.16,$87.75 ,15/Bundle
"24 x 24 x 36"" Shipping Boxes",BS242436,32 ECT,7.27,7.27,6.97,6.66,6.4,$36.35 ,5/Bundle
"24 x 24 x 48"" Shipping Boxes",BS242448,32 ECT,8.69,8.69,8.33,7.98,7.67,$43.45 ,5/Bundle
25,BS250817,"Holds 6-Pack of 8x8x8"" Boxes • 32 ECT",1.86,1.86,1.79,1.71,1.65,$37.20 ,20/Bundle
"25 x 16 x 16"" Shipping Boxes",BS251616,32 ECT,2.94,2.94,2.82,2.69,2.59,$58.80 ,20/Bundle
"25 x 25 x 20"" Shipping Boxes",BS252520,32 ECT,4.64,4.64,4.44,4.26,4.09,$92.80 ,20/Bundle
"25 x 25 x 25"" Shipping Boxes",BS252525,32 ECT,4.78,4.78,4.78,4.78,4.78,$95.60 ,20/Bundle
"26 x 8 x 8"" Shipping Boxes",BS260808,32 ECT,1.2,1.2,1.16,1.09,1.07,$30.00 ,25/Bundle
"26 x 10 x 10"" Shipping Boxes",BS261010,32 ECT,1.58,1.58,1.5,1.44,1.37,$39.50 ,25/Bundle
"26 x 12 x 12"" Shipping Boxes",BS261212,32 ECT,1.98,1.98,1.87,1.81,1.74,$39.60 ,20/Bundle
"26 x 13 x 8"" Shipping Boxes",BS261308,32 ECT,1.76,1.76,1.68,1.62,1.58,$35.20 ,20/Bundle
"26 x 14 x 14"" Shipping Boxes",BS261414,32 ECT,2.4,2.4,2.31,2.19,2.1,$48.00 ,20/Bundle
"26 x 15 x 5"" Shipping Boxes",BS261505,32 ECT,1.77,1.77,1.7,1.62,1.58,$35.40 ,20/Bundle
"26 x 15 x 7"" Shipping Boxes",BS261507,32 ECT,1.94,1.94,1.86,1.77,1.71,$38.80 ,20/Bundle
"26 x 15 x 12"" Shipping Boxes",BS261512,32 ECT,2.37,2.37,2.26,2.17,2.08,$47.40 ,20/Bundle
"26 x 16 x 10"" Shipping Boxes",BS261610,32 ECT,2.34,2.34,2.24,2.15,2.06,$46.80 ,20/Bundle
"26 x 16 x 14"" Shipping Boxes",BS261614,32 ECT,2.83,2.83,2.7,2.59,2.49,$56.60 ,20/Bundle
"26 x 16 x 19"" Shipping Boxes",BS261619,32 ECT,3.08,3.08,2.93,2.82,2.7,$61.60 ,20/Bundle
"26 x 18 x 10"" Shipping Boxes",BS261810,32 ECT,2.75,2.75,2.64,2.53,2.43,$55.00 ,20/Bundle
"26 x 18 x 12"" Shipping Boxes",BS261812,32 ECT,2.95,2.95,2.83,2.71,2.59,$59.00 ,20/Bundle
"26 x 18 x 14"" Shipping Boxes",BS261814,32 ECT,3.14,3.14,3,2.86,2.75,$62.80 ,20/Bundle
"26 x 18 x 16"" Shipping Boxes",BS261816,32 ECT,3.34,3.34,3.19,3.07,2.94,$66.80 ,20/Bundle
"26 x 18 x 16"" Multi-Depth Boxes",BS261816MD,"Multi-Depth: 14, 12, 10"" • 32 ECT",3.34,3.34,3.19,3.07,2.94,$66.80 ,20/Bundle
"26 x 20 x 4"" Shipping Boxes",BS262004,32 ECT,2.35,2.35,2.26,2.17,2.08,$47.00 ,20/Bundle
"26 x 20 x 12"" Multi-Depth Boxes",BS262012MD,"Multi-Depth: 10, 8, 6"" • 32 ECT",3.27,3.27,3.14,3,2.89,$65.40 ,20/Bundle
"26 x 20 x 16"" Shipping Boxes",BS262016,32 ECT,3.45,3.45,3.28,3.15,3.01,$69.00 ,20/Bundle
"26 x 20 x 18"" Shipping Boxes",BS262018,32 ECT,3.61,3.61,3.46,3.33,3.18,$72.20 ,20/Bundle
"26 x 20 x 20"" Shipping Boxes",BS262020,32 ECT,3.83,3.83,3.65,3.5,3.35,$76.60 ,20/Bundle
"26 x 26 x 4"" Shipping Boxes",BS262604,32 ECT,3.97,3.97,3.81,3.65,3.51,$79.40 ,20/Bundle
"26 x 26 x 6"" Shipping Boxes",BS262606,32 ECT,3.78,3.78,3.62,3.49,3.34,$75.60 ,20/Bundle
"26 x 26 x 10"" Shipping Boxes",BS262610,32 ECT,3.87,3.87,3.7,3.56,3.41,$77.40 ,20/Bundle
"26 x 26 x 12"" Shipping Boxes",BS262612,32 ECT,4.09,4.09,3.91,3.75,3.59,$81.80 ,20/Bundle
"26 x 26 x 20"" Shipping Boxes",BS262620,32 ECT,5.45,5.45,5.24,5.01,4.83,$109.00 ,20/Bundle
"26 x 26 x 26"" Shipping Boxes",BS262626,32 ECT,5.17,5.17,5.17,5.17,5.17,$103.40 ,20/Bundle
"26 x 26 x 26"" Multi-Depth Boxes",BS262626MD,"Multi-Depth: 24, 22, 20"" • 32 ECT",5.17,5.17,5.17,5.17,5.17,$103.40 ,20/Bundle
"26 x 26 x 36"" Shipping Boxes",BS262636,32 ECT,8.11,8.11,7.75,7.43,7.15,$40.55 ,5/Bundle
"27 x 14 x 9"" Shipping Boxes",BS271409,32 ECT,2.02,2.02,1.94,1.86,1.79,$40.40 ,20/Bundle
"27 x 27 x 27"" Shipping Boxes",BS272727,32 ECT,5.58,5.58,5.58,5.58,5.58,$83.70 ,15/Bundle
"28 x 5 x 24"" Side-Loading Boxes",BS280524FOL,FOL • 32 ECT,2.35,2.35,2.35,2.35,2.35,$47.00 ,20/Bundle
"28 x 6 x 6"" Shipping Boxes",BS280606,32 ECT,1.1,1.1,1.07,1.02,0.99,$27.50 ,25/Bundle
"28 x 8 x 8"" Shipping Boxes",BS280808,32 ECT,1.26,1.26,1.21,1.18,1.1,$31.50 ,25/Bundle
"28 x 10 x 10"" Shipping Boxes",BS281010,32 ECT,1.65,1.65,1.59,1.5,1.45,$41.25 ,25/Bundle
"28 x 12 x 6"" Shipping Boxes",BS281206,32 ECT,1.58,1.58,1.5,1.44,1.37,$39.50 ,25/Bundle
"28 x 12 x 12"" Shipping Boxes",BS281212,32 ECT,2.07,2.07,1.99,1.89,1.83,$41.40 ,20/Bundle
"28 x 14 x 14"" Shipping Boxes",BS281414,32 ECT,2.52,2.52,2.41,2.32,2.22,$50.40 ,20/Bundle
"28 x 16 x 7"" Shipping Boxes",BS281607,32 ECT,2.17,2.17,2.08,2,1.93,$43.40 ,20/Bundle
"28 x 16 x 10"" Shipping Boxes",BS281610,32 ECT,2.44,2.44,2.34,2.25,2.16,$48.80 ,20/Bundle
"28 x 16 x 12"" Shipping Boxes",BS281612,32 ECT,2.61,2.61,2.52,2.41,2.33,$52.20 ,20/Bundle
"28 x 16 x 14"" Shipping Boxes",BS281614,32 ECT,2.95,2.95,2.83,2.71,2.59,$59.00 ,20/Bundle
"28 x 17 x 5"" Shipping Boxes",BS281705,32 ECT,2.13,2.13,2.02,1.95,1.87,$42.60 ,20/Bundle
"28 x 18 x 12"" Shipping Boxes",BS281812,32 ECT,2.86,2.86,2.75,2.64,2.53,$57.20 ,20/Bundle
"28 x 18 x 18"" Shipping Boxes",BS281818,32 ECT,3.45,3.45,3.28,3.15,3.01,$69.00 ,20/Bundle
"28 x 20 x 12"" Shipping Boxes",BS282012,32 ECT,3.41,3.41,3.26,3.14,3,$68.20 ,20/Bundle
"28 x 20 x 20"" Shipping Boxes",BS282020,32 ECT,3.97,3.97,3.81,3.65,3.51,$79.40 ,20/Bundle
"28 x 20 x 24"" Multi-Depth Boxes",BS282024MD,"Multi-Depth: 22, 20, 18, 16, 14"" • 32 ECT",4.86,4.86,4.65,4.47,4.27,$97.20 ,20/Bundle
"28 x 20 x 25"" Shipping Boxes",BS282025,32 ECT,4.76,4.76,4.57,4.36,4.19,$95.20 ,20/Bundle
"28 x 24 x 6"" Shipping Boxes",BS282406,32 ECT,3.57,3.57,3.4,3.26,3.14,$71.40 ,20/Bundle
"28 x 28 x 6"" Shipping Boxes",BS282806,32 ECT,4.33,4.33,4.15,3.97,3.83,$86.60 ,20/Bundle
"28 x 28 x 12"" Shipping Boxes",BS282812,32 ECT,5.09,5.09,4.85,4.65,4.48,$101.80 ,20/Bundle
"28 x 28 x 20"" Shipping Boxes",BS282820,32 ECT,6.04,6.04,5.78,5.53,5.34,$120.80 ,20/Bundle
"28 x 28 x 28"" Shipping Boxes",BS282828,32 ECT,5.99,5.99,5.99,5.99,5.99,$119.80 ,20/Bundle
"29 x 17 x 5"" Shipping Boxes",BS291705,32 ECT,2.13,2.13,2.04,1.95,1.87,$42.60 ,20/Bundle
"29 x 17 x 9"" Shipping Boxes",BS291709,32 ECT,2.57,2.57,2.44,2.34,2.25,$51.40 ,20/Bundle
"29 x 17 x 12"" Shipping Boxes",BS291712,32 ECT,2.98,2.98,2.84,2.74,2.61,$59.60 ,20/Bundle
"29 x 17 x 15"" Shipping Boxes",BS291715,32 ECT,3.08,3.08,2.94,2.82,2.7,$61.60 ,20/Bundle
"29 x 17 x 20"" Shipping Boxes",BS291720,32 ECT,3.52,3.52,3.37,3.24,3.11,$70.40 ,20/Bundle
"30 x 5 x 24"" Side-Loading Boxes",BS300524FOL,FOL • 32 ECT,2.34,2.34,2.34,2.34,2.34,$46.80 ,20/Bundle
"30 x 5 x 30"" Side-Loading Boxes",BS300530FOL,FOL • 32 ECT,2.67,2.67,2.67,2.67,2.67,$53.40 ,20/Bundle
"30 x 6 x 6"" Shipping Boxes",BS300606,32 ECT,1.18,1.18,1.11,1.08,1.04,$29.50 ,25/Bundle
"30 x 8 x 8"" Shipping Boxes",BS300808,32 ECT,1.35,1.35,1.26,1.23,1.18,$33.75 ,25/Bundle
"30 x 10 x 10"" Shipping Boxes",BS301010,32 ECT,1.74,1.74,1.65,1.6,1.51,$34.80 ,20/Bundle
"30 x 12 x 12"" Shipping Boxes",BS301212,32 ECT,2.17,2.17,2.07,1.99,1.9,$43.40 ,20/Bundle
"30 x 14 x 7"" Shipping Boxes",BS301407,32 ECT,2,2,1.9,1.84,1.76,$40.00 ,20/Bundle
"30 x 14 x 10"" Shipping Boxes",BS301410,32 ECT,2.26,2.26,2.17,2.08,2,$45.20 ,20/Bundle
"30 x 15 x 15"" Shipping Boxes",BS301515,32 ECT,3,3,2.89,2.75,2.66,$60.00 ,20/Bundle
"30 x 17 x 16"" Shipping Boxes",BS301716,32 ECT,3.23,3.23,3.09,2.96,2.84,$64.60 ,20/Bundle
"30 x 17 x 16"" Multi-Depth Boxes",BS301716MD,"Multi-Depth: 14, 12, 10"" • 32 ECT",3.46,3.46,3.32,3.16,3.02,$69.20 ,20/Bundle
"30 x 18 x 18"" Shipping Boxes",BS301818,32 ECT,3.48,3.48,3.33,3.18,3.07,$69.60 ,20/Bundle
"30 x 20 x 6"" Shipping Boxes",BS302006,32 ECT,2.71,2.71,2.59,2.51,2.4,$54.20 ,20/Bundle
"30 x 20 x 10"" Shipping Boxes",BS302010,32 ECT,3.12,3.12,2.99,2.85,2.75,$62.40 ,20/Bundle
"30 x 20 x 12"" Shipping Boxes",BS302012,32 ECT,3.66,3.66,3.5,3.35,3.22,$73.20 ,20/Bundle
"30 x 20 x 20"" Shipping Boxes",BS302020,32 ECT,4.43,4.43,4.24,4.07,3.9,$88.60 ,20/Bundle
"30 x 24 x 10"" Shipping Boxes",BS302410,32 ECT,4,4,3.83,3.67,3.51,$80.00 ,20/Bundle
"30 x 24 x 12"" Shipping Boxes",BS302412,32 ECT,4.42,4.42,4.23,4.04,3.9,$88.40 ,20/Bundle
"30 x 30 x 6"" Shipping Boxes",BS303006,32 ECT,4.69,4.69,4.49,4.29,4.11,$93.80 ,20/Bundle
"30 x 30 x 8"" Shipping Boxes",BS303008,32 ECT,5.17,5.17,4.94,4.74,4.54,$103.40 ,20/Bundle
"30 x 30 x 10"" Shipping Boxes",BS303010,32 ECT,5.19,5.19,4.99,4.75,4.75,$77.85 ,15/Bundle
"30 x 30 x 12"" Shipping Boxes",BS303012,32 ECT,5.45,5.45,5.23,5.01,5.01,$81.75 ,15/Bundle
"30 x 30 x 16"" Shipping Boxes",BS303016,32 ECT,6.23,6.23,5.97,5.71,5.49,$124.60 ,20/Bundle
"30 x 30 x 25"" Shipping Boxes",BS303025,32 ECT,7.41,7.41,7.11,6.8,6.53,$37.05 ,5/Bundle
"30 x 30 x 30"" Shipping Boxes",BS303030,32 ECT,7.67,7.67,7.67,7.67,7.67,$38.35 ,5/Bundle
"32 x 6 x 6"" Shipping Boxes",BS320606,32 ECT,1.24,1.24,1.19,1.12,1.09,$31.00 ,25/Bundle
"32 x 8 x 8"" Shipping Boxes",BS320808,32 ECT,1.4,1.4,1.35,1.29,1.24,$35.00 ,25/Bundle
"32 x 12 x 10"" Shipping Boxes",BS321210,32 ECT,2.08,2.08,2,1.9,1.84,$41.60 ,20/Bundle
"32 x 12 x 12"" Shipping Boxes",BS321212,32 ECT,2.26,2.26,2.17,2.08,2,$45.20 ,20/Bundle
"32 x 18 x 8"" Shipping Boxes",BS321808,32 ECT,2.76,2.76,2.65,2.53,2.43,$55.20 ,20/Bundle
"32 x 18 x 12"" Shipping Boxes",BS321812,32 ECT,3.12,3.12,2.99,2.85,2.75,$62.40 ,20/Bundle
"32 x 32 x 32"" Shipping Boxes",BS323232,32 ECT,8.68,8.68,8.68,8.68,8.68,$43.40 ,5/Bundle
"34 x 10 x 6"" Shipping Boxes",BS341006,32 ECT,1.67,1.67,1.61,1.54,1.49,$33.40 ,20/Bundle
"34 x 34 x 34"" Shipping Boxes",BS343434,32 ECT,9.78,9.78,9.78,9.78,9.78,$48.90 ,5/Bundle
"35 x 23 x 22"" Shipping Boxes",BS352322,32 ECT,5.9,5.9,5.64,5.41,5.19,$88.50 ,15/Bundle
"36 x 5 x 24"" Side-Loading Boxes",BS360524FOL,FOL • 32 ECT,3.01,3.01,3.01,3.01,3.01,$60.20 ,20/Bundle
"36 x 5 x 30"" Side-Loading Boxes",BS360530FOL,FOL • 32 ECT,3.19,3.19,3.19,3.19,3.19,$63.80 ,20/Bundle
"36 x 5 x 36"" Side-Loading Boxes",BS360536FOL,FOL • 32 ECT,3.59,3.59,3.59,3.59,3.59,$71.80 ,20/Bundle
"36 x 6 x 6"" Shipping Boxes",BS360606,Golf Clubs • 32 ECT,1.36,1.36,1.31,1.25,1.2,$34.00 ,25/Bundle
"36 x 8 x 4"" Shipping Boxes",BS360804,Golf Clubs • 32 ECT,1.19,1.19,1.12,1.09,1.06,$29.75 ,25/Bundle
"36 x 8 x 8"" Shipping Boxes",BS360808,Golf Clubs • 32 ECT,1.54,1.54,1.46,1.43,1.35,$38.50 ,25/Bundle
"36 x 10 x 10"" Shipping Boxes",BS361010,Golf Clubs • 32 ECT,1.94,1.94,1.86,1.79,1.71,$38.80 ,20/Bundle
"36 x 12 x 4"" Shipping Boxes",BS361204,32 ECT,2.02,2.02,1.94,1.86,1.79,$40.40 ,20/Bundle
"36 x 12 x 10"" Shipping Boxes",BS361210,32 ECT,2.43,2.43,2.34,2.24,2.15,$48.60 ,20/Bundle
